date,Rural,Suburban,Urban
2019-01-01 00:08:00,,,37.91
2019-01-01 00:46:00,,47.74,
2019-01-01 02:07:00,,24.07,
2019-01-01 03:46:00,,,7.57
2019-01-01 05:23:00,,,10.75
2019-01-01 09:45:00,43.69,,
2019-01-01 12:32:00,,25.56,
2019-01-01 14:40:00,,,5.42
2019-01-01 14:42:00,,,12.31
2019-01-01 14:52:00,,31.15,
2019-01-01 17:22:00,,,42.11
2019-01-01 21:04:00,,,11.71
2019-01-02 00:13:00,,44.71,
2019-01-02 00:44:00,,,43.72
2019-01-02 00:56:00,,,37.34
2019-01-02 01:41:00,,49.95,
2019-01-02 01:46:00,,,34.79
2019-01-02 06:55:00,,,16.96
2019-01-02 07:26:00,,33.57,
2019-01-02 09:28:00,,,19.81
2019-01-02 09:57:00,,,33.06
2019-01-02 11:18:00,52.12,,
2019-01-02 11:51:00,,,7.45
2019-01-02 14:14:00,,,13.89
2019-01-02 15:38:00,,45.32,
2019-01-02 16:22:00,,47.07,
2019-01-02 16:59:00,,33.62,
2019-01-02 17:52:00,,20.68,
2019-01-02 20:08:00,,,10.19
2019-01-02 20:52:00,,,33.08
2019-01-02 21:27:00,,,19.57
2019-01-02 23:23:00,,,36.13
2019-01-03 01:03:00,,,17.97
2019-01-03 01:06:00,,,5.32
2019-01-03 01:16:00,,14.61,
2019-01-03 05:45:00,,,25.47
2019-01-03 05:56:00,,,37.4
2019-01-03 06:18:00,,,39.16
2019-01-03 06:49:00,,,34.42
2019-01-03 09:58:00,,38.31,
2019-01-03 10:03:00,,,17.16
2019-01-03 13:04:00,,12.6,
2019-01-03 15:37:00,,,17.61
2019-01-03 16:19:00,,,18.93
2019-01-03 17:02:00,,47.97,
2019-01-03 19:51:00,19.9,,
2019-01-03 21:29:00,,19.99,
2019-01-03 21:45:00,,,36.28
2019-01-03 22:50:00,,,5.81
2019-01-03 23:11:00,,,4.95
2019-01-04 02:56:00,,,32.75
2019-01-04 03:16:00,,,9.1
2019-01-04 03:31:00,24.88,,
2019-01-04 04:30:00,,,15.47
2019-01-04 06:10:00,,,35.35
2019-01-04 09:32:00,,,12.25
2019-01-04 10:24:00,,20.69,
2019-01-04 13:30:00,,,4.56
2019-01-04 15:56:00,,,31.99
2019-01-04 16:38:00,,,37.2
2019-01-04 20:45:00,,,20.33
2019-01-04 21:06:00,,,34.77
2019-01-04 23:57:00,,,24.37
2019-01-05 00:44:00,,,21.59
2019-01-05 05:02:00,,,34.11
2019-01-05 05:57:00,,,39.9
2019-01-05 08:35:00,,,21.57
2019-01-05 09:33:00,,,39.47
2019-01-05 10:59:00,,,16.22
2019-01-05 11:31:00,,,13.14
2019-01-05 13:42:00,,31.48,
2019-01-05 14:35:00,,,5.92
2019-01-05 14:49:00,,47.38,
2019-01-05 15:36:00,,,37.91
2019-01-05 16:36:00,,,39.44
2019-01-05 16:39:00,,,26.72
2019-01-05 17:16:00,,,44.68
2019-01-05 17:44:00,,,28.79
2019-01-05 17:50:00,,,41.55
2019-01-05 17:58:00,,22.5,
2019-01-05 18:22:00,,,35.35
2019-01-05 19:32:00,,,27.02
2019-01-05 22:21:00,,,33.51
2019-01-06 02:08:00,,39.83,
2019-01-06 02:20:00,,,27.2
2019-01-06 07:38:00,47.33,,
2019-01-06 08:34:00,,,43.05
2019-01-06 11:43:00,,22.8,
2019-01-06 12:30:00,,,27.71
2019-01-06 13:23:00,,,11.01
2019-01-06 20:14:00,,,43.5
2019-01-06 20:15:00,,,21.19
2019-01-06 20:23:00,,,28.74
2019-01-07 02:17:00,,,6.54
2019-01-07 02:23:00,,,24.5
2019-01-07 05:12:00,,,15.22
2019-01-07 05:43:00,,,19.08
2019-01-07 09:41:00,,,17.39
2019-01-07 10:02:00,,28.74,
2019-01-07 10:41:00,,27.44,
2019-01-07 12:05:00,,,7.86
2019-01-07 15:53:00,,,20.01
2019-01-07 17:32:00,,17.57,
2019-01-07 18:47:00,,,43.61
2019-01-07 19:02:00,,,16.26
2019-01-07 19:34:00,,,21.5
2019-01-07 19:37:00,,46.64,
2019-01-07 20:03:00,,,20.49
2019-01-07 20:09:00,,34.62,
2019-01-07 20:29:00,,,5.56
2019-01-08 00:29:00,,,29.4
2019-01-08 03:28:00,,,35.09
2019-01-08 05:21:00,,,25.84
2019-01-08 05:59:00,,,13.01
2019-01-08 06:19:00,19.39,,
2019-01-08 08:25:00,,,37.78
2019-01-08 08:49:00,,,22.64
2019-01-08 09:03:00,,,32.99
2019-01-08 09:38:00,,,23.77
2019-01-08 11:48:00,,,39.81
2019-01-08 13:51:00,,,9.5
2019-01-08 16:01:00,,30.66,
2019-01-08 17:33:00,,,43.75
2019-01-08 18:59:00,,,13.34
2019-01-08 19:26:00,,26.16,
2019-01-08 23:32:00,,,10.74
2019-01-08 23:51:00,,,42.13
2019-01-09 01:48:00,,,10.68
2019-01-09 03:44:00,,14.41,
2019-01-09 07:00:00,,,13.55
2019-01-09 08:20:00,,,41.04
2019-01-09 09:01:00,,38.57,
2019-01-09 11:55:00,,29.19,
2019-01-09 15:10:00,,,40.73
2019-01-09 15:24:00,,,44.46
2019-01-09 15:30:00,31.84,,
2019-01-09 19:41:00,,19.77,
2019-01-09 20:31:00,,,21.13
2019-01-09 20:59:00,,,44.44
2019-01-09 22:56:00,,,15.31
2019-01-09 23:59:00,,48.73,
2019-01-10 00:17:00,,47.52,
2019-01-10 02:31:00,,,32.34
2019-01-10 02:57:00,,,37.03
2019-01-10 03:37:00,,,23.62
2019-01-10 04:20:00,,18.22,
2019-01-10 06:32:00,,45.81,
2019-01-10 06:49:00,,27.7,
2019-01-10 08:33:00,,23.02,
2019-01-10 09:40:00,,,43.01
2019-01-10 11:08:00,,37.96,
2019-01-10 11:10:00,,40.2,
2019-01-10 11:15:00,,24.65,
2019-01-10 12:17:00,,,12.74
2019-01-10 12:41:00,,49.19,
2019-01-10 17:29:00,,,19.91
2019-01-10 19:17:00,,33.85,
2019-01-10 23:48:00,,,37.58
2019-01-11 00:04:00,,23.44,
2019-01-11 00:28:00,,49.28,
2019-01-11 01:36:00,,,25.07
2019-01-11 02:12:00,,12.21,
2019-01-11 02:22:00,,,29.24
2019-01-11 04:27:00,,,44.34
2019-01-11 04:39:00,16.42,,
2019-01-11 05:08:00,,,19.64
2019-01-11 09:50:00,,,18.42
2019-01-11 10:41:00,,,8.02
2019-01-11 11:02:00,,,39.99
2019-01-11 11:10:00,,,5.16
2019-01-11 12:59:00,,,37.44
2019-01-11 14:18:00,,,23.21
2019-01-11 14:23:00,,,43.07
2019-01-11 16:25:00,,68.61,
2019-01-11 17:15:00,,,36.78
2019-01-11 18:44:00,,,27.41
2019-01-11 19:18:00,,,31.31
2019-01-11 20:17:00,,46.51,
2019-01-11 21:37:00,,,44.76
2019-01-12 01:19:00,,,10.64
2019-01-12 01:28:00,,,37.73
2019-01-12 01:45:00,,,26.86
2019-01-12 01:55:00,,,20.46
2019-01-12 02:10:00,,26.41,
2019-01-12 04:35:00,,,24.83
2019-01-12 05:07:00,,,36.82
2019-01-12 05:52:00,,,42.31
2019-01-12 06:17:00,,,7.05
2019-01-12 07:32:00,,,39.45
2019-01-12 09:42:00,,,20.82
2019-01-12 12:45:00,,,5.77
2019-01-12 16:34:00,,,31.98
2019-01-12 19:19:00,,,9.97
2019-01-12 19:38:00,,,37.66
2019-01-12 20:07:00,,,17.85
2019-01-12 22:48:00,,30.79,
2019-01-12 23:20:00,,,21.64
2019-01-13 00:03:00,,,9.37
2019-01-13 01:03:00,,,17.33
2019-01-13 04:32:00,,44.66,
2019-01-13 10:08:00,,,25.81
2019-01-13 13:34:00,,,24.81
2019-01-13 15:21:00,,23.83,
2019-01-13 15:30:00,,20.93,
2019-01-13 16:04:00,,,23.35
2019-01-13 16:18:00,,,16.92
2019-01-13 18:22:00,,28.37,
2019-01-13 18:33:00,,,29.9
2019-01-13 20:10:00,,19.47,
2019-01-13 23:53:00,,,41.86
2019-01-14 01:15:00,,,24.82
2019-01-14 02:07:00,,,24.71
2019-01-14 03:43:00,,,31.88
2019-01-14 07:09:00,18.05,,
2019-01-14 07:33:00,,40.72,
2019-01-14 08:29:00,,25.02,
2019-01-14 09:19:00,,,43.27
2019-01-14 10:14:00,,,13.83
2019-01-14 10:53:00,,,19.68
2019-01-14 11:00:00,,,19.81
2019-01-14 12:35:00,,28.02,
2019-01-14 15:58:00,54.1,,
2019-01-14 16:59:00,,15.06,
2019-01-14 17:06:00,,,40.65
2019-01-14 18:07:00,,,9.71
2019-01-14 18:26:00,,,41.66
2019-01-14 19:24:00,,21.46,
2019-01-14 20:49:00,,,40.21
2019-01-14 20:53:00,,,26.58
2019-01-14 22:04:00,,,24.14
2019-01-15 00:10:00,,,44.33
2019-01-15 02:30:00,,,21.95
2019-01-15 02:59:00,,,19.52
2019-01-15 03:55:00,,21.97,
2019-01-15 04:53:00,,16.6,
2019-01-15 05:51:00,,,5.58
2019-01-15 06:27:00,,,24.13
2019-01-15 07:42:00,,,30.93
2019-01-15 07:55:00,,,14.55
2019-01-15 08:14:00,,,33.91
2019-01-15 08:50:00,,,4.1
2019-01-15 11:44:00,,,40.69
2019-01-15 11:49:00,,,21.44
2019-01-15 12:26:00,,35.34,
2019-01-15 12:51:00,,47.01,
2019-01-15 14:51:00,,,13.38
2019-01-15 15:04:00,,22.44,
2019-01-15 15:27:00,,,27.24
2019-01-15 18:16:00,,33.95,
2019-01-15 18:25:00,,,11.71
2019-01-15 18:45:00,,,40.32
2019-01-15 19:03:00,,14.87,
2019-01-15 19:40:00,,28.15,
2019-01-15 21:21:00,,,13.43
2019-01-15 21:25:00,,,30.42
2019-01-15 21:44:00,30.26,,
2019-01-16 02:06:00,,,4.89
2019-01-16 03:08:00,,20.27,
2019-01-16 03:42:00,,,7.08
2019-01-16 03:43:00,,,14.93
2019-01-16 06:23:00,,,25.97
2019-01-16 08:38:00,,,31.34
2019-01-16 09:27:00,,,26.27
2019-01-16 11:59:00,,,20.07
2019-01-16 13:20:00,,47.66,
2019-01-16 13:38:00,,21.06,
2019-01-16 13:52:00,,,41.26
2019-01-16 15:44:00,,46.2,
2019-01-16 16:17:00,,,7.04
2019-01-16 17:13:00,,,22.26
2019-01-16 21:55:00,,,6.02
2019-01-16 22:42:00,,,11.97
2019-01-17 01:26:00,,28.65,
2019-01-17 02:00:00,,,34.55
2019-01-17 02:12:00,,,32.19
2019-01-17 03:43:00,,,5.78
2019-01-17 04:00:00,,,32.29
2019-01-17 04:55:00,,35.94,
2019-01-17 04:56:00,,,12.71
2019-01-17 05:32:00,,,7.87
2019-01-17 09:19:00,,24.22,
2019-01-17 09:28:00,,,24.19
2019-01-17 10:15:00,,,40.82
2019-01-17 11:37:00,,,8.68
2019-01-17 12:10:00,,,41.48
2019-01-17 12:18:00,,,11.6
2019-01-17 13:15:00,,,28.42
2019-01-17 14:08:00,,,27.92
2019-01-17 14:30:00,,,9.04
2019-01-17 16:17:00,,,33.29
2019-01-17 17:07:00,,,24.86
2019-01-17 17:45:00,,,23.46
2019-01-17 17:58:00,,28.28,
2019-01-17 18:14:00,,,18.27
2019-01-17 18:16:00,,35.68,
2019-01-17 18:29:00,,28.54,
2019-01-17 20:12:00,,40.87,
2019-01-17 21:33:00,,21.71,
2019-01-17 21:35:00,,,24.84
2019-01-18 00:03:00,,,32.11
2019-01-18 00:46:00,15.12,,
2019-01-18 02:32:00,,,31.92
2019-01-18 04:09:00,,32.13,
2019-01-18 06:04:00,,,5.69
2019-01-18 06:31:00,,33.07,
2019-01-18 07:36:00,43.57,,
2019-01-18 07:41:00,,,23.35
2019-01-18 10:21:00,,14.75,
2019-01-18 10:33:00,,33.04,
2019-01-18 10:57:00,,,16.96
2019-01-18 10:59:00,,,4.66
2019-01-18 11:45:00,,,19.98
2019-01-18 12:47:00,,,43.85
2019-01-18 12:48:00,,,15.36
2019-01-18 15:26:00,,,20.68
2019-01-18 18:40:00,,44.05,
2019-01-18 20:09:00,,,10.98
2019-01-19 00:13:00,,44.36,
2019-01-19 00:36:00,,,40.4
2019-01-19 03:13:00,,41.94,
2019-01-19 11:40:00,49.44,,
2019-01-19 12:38:00,38.68,,
2019-01-19 13:08:00,,,4.86
2019-01-19 15:24:00,,24.4,
2019-01-19 19:28:00,,29.94,
2019-01-19 19:40:00,,,6.71
2019-01-19 19:54:00,,,38.58
2019-01-19 20:21:00,56.78,,
2019-01-19 23:06:00,,,15.83
2019-01-19 23:24:00,,19.28,
2019-01-20 01:27:00,,,38.39
2019-01-20 01:34:00,,,38.66
2019-01-20 05:00:00,,22.02,
2019-01-20 05:13:00,,20.89,
2019-01-20 05:30:00,,,34.72
2019-01-20 08:25:00,,30.37,
2019-01-20 12:13:00,,,6.66
2019-01-20 12:47:00,,35.0,
2019-01-20 17:06:00,,38.74,
2019-01-20 17:35:00,,,24.0
2019-01-20 18:47:00,,,18.79
2019-01-20 19:11:00,,24.53,
2019-01-20 23:10:00,,,25.94
2019-01-21 01:50:00,,,42.75
2019-01-21 02:29:00,,,32.92
2019-01-21 03:20:00,,,28.59
2019-01-21 04:12:00,,,9.26
2019-01-21 04:20:00,,,21.81
2019-01-21 05:10:00,,,32.68
2019-01-21 09:48:00,,,22.36
2019-01-21 10:21:00,,34.06,
2019-01-21 11:49:00,,,27.68
2019-01-21 12:12:00,,,37.25
2019-01-21 12:14:00,,,8.07
2019-01-21 12:52:00,,,14.09
2019-01-21 14:48:00,,,19.44
2019-01-21 16:07:00,,,62.08
2019-01-21 16:26:00,,,22.86
2019-01-21 17:04:00,,,18.3
2019-01-21 17:21:00,,,27.11
2019-01-21 19:25:00,,,23.14
2019-01-21 19:54:00,,41.95,
2019-01-21 20:51:00,,,33.47
2019-01-21 21:00:00,,,33.06
2019-01-21 23:20:00,,,10.91
2019-01-22 00:59:00,,40.67,
2019-01-22 02:15:00,,,17.74
2019-01-22 02:28:00,,,32.18
2019-01-22 02:35:00,,48.45,
2019-01-22 09:08:00,,,38.3
2019-01-22 10:21:00,,46.43,
2019-01-22 12:42:00,13.5,,
2019-01-22 13:10:00,,,24.17
2019-01-22 13:11:00,,,24.72
2019-01-22 14:48:00,,32.03,
2019-01-22 14:55:00,,18.45,
2019-01-22 15:36:00,10.11,,
2019-01-22 17:25:00,,,31.68
2019-01-22 20:43:00,,35.01,
2019-01-23 00:24:00,,46.83,
2019-01-23 00:46:00,,14.29,
2019-01-23 05:22:00,,,40.17
2019-01-23 05:56:00,,,22.54
2019-01-23 05:58:00,,,32.77
2019-01-23 06:04:00,,24.91,
2019-01-23 06:52:00,40.24,,
2019-01-23 09:08:00,,,35.51
2019-01-23 10:13:00,,,10.12
2019-01-23 12:32:00,,,23.24
2019-01-23 13:00:00,,,42.45
2019-01-23 13:23:00,,,37.68
2019-01-23 17:51:00,,,19.62
2019-01-23 18:16:00,,,21.64
2019-01-23 18:17:00,,26.69,
2019-01-23 19:59:00,,27.09,
2019-01-23 20:35:00,,,39.95
2019-01-23 21:22:00,,,6.54
2019-01-23 21:23:00,,,30.93
2019-01-23 21:43:00,,,21.11
2019-01-23 22:51:00,,,21.95
2019-01-23 23:30:00,,,37.62
2019-01-23 23:42:00,,27.11,
2019-01-24 01:46:00,,,40.15
2019-01-24 05:58:00,,,9.21
2019-01-24 06:29:00,,32.31,
2019-01-24 07:08:00,,,17.83
2019-01-24 07:48:00,,,9.39
2019-01-24 08:27:00,,23.8,
2019-01-24 10:16:00,,,8.83
2019-01-24 12:24:00,,,34.65
2019-01-24 13:32:00,34.74,,
2019-01-24 16:52:00,,,31.4
2019-01-24 17:07:00,,,42.36
2019-01-24 19:21:00,,47.83,
2019-01-24 19:32:00,,,38.79
2019-01-25 00:47:00,,,41.17
2019-01-25 01:04:00,,41.85,
2019-01-25 01:33:00,,,44.75
2019-01-25 01:59:00,,,26.03
2019-01-25 03:33:00,,,19.6
2019-01-25 05:04:00,,,38.15
2019-01-25 05:27:00,,35.65,
2019-01-25 06:31:00,,24.13,
2019-01-25 06:48:00,,,14.65
2019-01-25 08:14:00,,,31.02
2019-01-25 10:17:00,,39.35,
2019-01-25 11:35:00,,44.61,
2019-01-25 11:58:00,,48.32,
2019-01-25 12:12:00,,39.12,
2019-01-25 12:19:00,,,41.05
2019-01-25 12:29:00,,,20.03
2019-01-25 13:17:00,,,28.14
2019-01-25 15:19:00,,,15.04
2019-01-25 15:35:00,,,14.52
2019-01-25 20:18:00,,,23.27
2019-01-25 20:46:00,,32.38,
2019-01-25 21:44:00,,48.81,
2019-01-26 02:37:00,,,5.59
2019-01-26 04:48:00,,39.19,
2019-01-26 08:07:00,,23.94,
2019-01-26 11:16:00,,49.22,
2019-01-26 14:42:00,,,11.13
2019-01-26 19:19:00,,,13.77
2019-01-26 21:29:00,,,14.68
2019-01-27 00:57:00,,,28.46
2019-01-27 01:01:00,,,24.56
2019-01-27 03:08:00,,27.79,
2019-01-27 04:30:00,,,29.05
2019-01-27 05:35:00,,,5.21
2019-01-27 07:35:00,,,28.41
2019-01-27 08:09:00,,,29.36
2019-01-27 08:52:00,,,7.65
2019-01-27 09:35:00,,,9.24
2019-01-27 09:53:00,,28.56,
2019-01-27 12:15:00,,46.97,
2019-01-27 12:18:00,,43.06,
2019-01-27 13:10:00,,,30.16
2019-01-27 13:40:00,,,38.97
2019-01-27 14:46:00,,,29.08
2019-01-27 14:49:00,,,23.09
2019-01-27 15:52:00,,,41.76
2019-01-27 17:33:00,42.68,,
2019-01-27 18:43:00,38.42,,
2019-01-27 19:15:00,,22.42,
2019-01-27 19:38:00,,,15.45
2019-01-27 19:45:00,,,13.4
2019-01-28 00:07:00,,,5.67
2019-01-28 02:32:00,,,23.95
2019-01-28 03:13:00,,,31.65
2019-01-28 08:33:00,,23.73,
2019-01-28 09:57:00,,,42.24
2019-01-28 10:23:00,,,21.72
2019-01-28 11:38:00,,35.6,
2019-01-28 11:55:00,,30.98,
2019-01-28 15:34:00,,45.7,
2019-01-28 15:40:00,,,44.91
2019-01-28 15:49:00,,,25.98
2019-01-28 15:55:00,31.25,,
2019-01-28 22:09:00,,,28.11
2019-01-28 22:22:00,,,5.58
2019-01-28 23:31:00,,21.85,
2019-01-28 23:59:00,,,15.49
2019-01-29 00:19:00,,,41.05
2019-01-29 02:13:00,,,7.58
2019-01-29 03:50:00,,48.05,
2019-01-29 04:04:00,,35.5,
2019-01-29 06:40:00,,,26.79
2019-01-29 07:28:00,,,41.62
2019-01-29 08:17:00,,,38.68
2019-01-29 11:26:00,,,35.23
2019-01-29 12:51:00,,38.47,
2019-01-29 13:01:00,,,9.81
2019-01-29 16:12:00,,,17.57
2019-01-29 20:13:00,,,43.12
2019-01-29 20:40:00,,,9.79
2019-01-29 21:11:00,,,25.39
2019-01-29 23:28:00,,,41.06
2019-01-30 00:05:00,20.76,,
2019-01-30 01:19:00,,,38.78
2019-01-30 01:40:00,37.05,,
2019-01-30 01:51:00,,17.5,
2019-01-30 02:27:00,,48.78,
2019-01-30 05:20:00,,36.81,
2019-01-30 08:11:00,,,16.85
2019-01-30 08:51:00,,,22.9
2019-01-30 10:51:00,,,8.79
2019-01-30 10:55:00,51.39,,
2019-01-30 11:32:00,,,43.02
2019-01-30 12:34:00,,,16.99
2019-01-30 12:35:00,,,8.57
2019-01-30 12:59:00,,,30.84
2019-01-30 14:09:00,,46.7,
2019-01-30 15:08:00,,32.4,
2019-01-30 15:21:00,,,7.02
2019-01-30 15:37:00,,,25.64
2019-01-30 17:41:00,,,36.78
2019-01-30 18:08:00,,,19.13
2019-01-30 18:20:00,,,16.5
2019-01-30 18:46:00,,,32.31
2019-01-30 20:43:00,,49.52,
2019-01-30 21:18:00,,,8.87
2019-01-30 21:46:00,,,29.09
2019-01-30 22:09:00,,,6.32
2019-01-31 02:16:00,,23.41,
2019-01-31 02:31:00,,,6.8
2019-01-31 02:49:00,,,19.23
2019-01-31 02:51:00,,,21.75
2019-01-31 05:16:00,,,39.23
2019-01-31 05:32:00,,,20.8
2019-01-31 09:17:00,,,14.11
2019-01-31 11:17:00,,,23.36
2019-01-31 13:24:00,,,38.28
2019-01-31 14:51:00,,,43.92
2019-01-31 15:03:00,,,20.36
2019-01-31 15:50:00,,,36.28
2019-01-31 17:10:00,,,9.67
2019-01-31 17:57:00,58.29,,
2019-01-31 19:56:00,,12.87,
2019-01-31 23:20:00,,,14.82
2019-01-31 23:29:00,,,13.69
2019-02-01 02:36:00,,33.85,
2019-02-01 03:23:00,,,22.39
2019-02-01 04:21:00,,20.44,
2019-02-01 04:31:00,,34.09,
2019-02-01 04:56:00,,35.6,
2019-02-01 05:51:00,,,13.86
2019-02-01 08:59:00,17.05,,
2019-02-01 11:28:00,,,26.72
2019-02-01 11:37:00,,,30.94
2019-02-01 12:52:00,,,39.27
2019-02-01 14:11:00,,,9.68
2019-02-01 16:39:00,,,37.7
2019-02-01 17:54:00,,38.9,
2019-02-01 19:45:00,,,31.64
2019-02-01 20:17:00,,,32.9
2019-02-01 20:18:00,,,10.26
2019-02-01 20:59:00,,16.11,
2019-02-01 21:16:00,,,31.07
2019-02-01 22:32:00,,,28.37
2019-02-01 22:43:00,,,32.03
2019-02-02 01:57:00,,,39.28
2019-02-02 02:52:00,,,29.07
2019-02-02 03:49:00,,26.42,
2019-02-02 03:52:00,,,22.53
2019-02-02 05:37:00,,26.45,
2019-02-02 06:28:00,53.07,,
2019-02-02 11:56:00,,,12.77
2019-02-02 12:51:00,,,42.52
2019-02-02 14:14:00,,,41.47
2019-02-02 14:18:00,,17.55,
2019-02-02 14:50:00,,,10.54
2019-02-02 14:54:00,12.42,,
2019-02-02 16:37:00,,,17.19
2019-02-02 19:04:00,,36.71,
2019-02-02 19:14:00,,25.68,
2019-02-02 23:09:00,,,7.12
2019-02-03 00:14:00,,,29.04
2019-02-03 00:48:00,,,44.86
2019-02-03 01:11:00,,,21.2
2019-02-03 03:14:00,,40.18,
2019-02-03 05:47:00,,22.82,
2019-02-03 06:01:00,,,6.42
2019-02-03 06:15:00,,,11.61
2019-02-03 07:07:00,,,18.03
2019-02-03 08:51:00,,42.89,
2019-02-03 09:58:00,,,39.39
2019-02-03 10:14:00,,,6.34
2019-02-03 12:19:00,,,31.43
2019-02-03 13:58:00,,33.84,
2019-02-03 14:48:00,,43.39,
2019-02-03 17:15:00,51.8,,
2019-02-03 18:24:00,,,19.66
2019-02-03 21:09:00,,,4.41
2019-02-03 23:57:00,,,11.54
2019-02-04 00:29:00,,,24.87
2019-02-04 02:25:00,,,38.13
2019-02-04 04:57:00,,,27.63
2019-02-04 08:07:00,,,15.37
2019-02-04 08:12:00,,,42.59
2019-02-04 09:41:00,,49.21,
2019-02-04 11:01:00,,38.38,
2019-02-04 12:11:00,,,41.12
2019-02-04 14:59:00,,45.75,
2019-02-04 15:04:00,,,20.09
2019-02-04 16:29:00,13.97,,
2019-02-04 17:32:00,,,24.49
2019-02-04 18:56:00,,,9.84
2019-02-04 19:03:00,,31.44,
2019-02-04 22:35:00,,29.87,
2019-02-04 23:54:00,45.7,,
2019-02-05 00:47:00,,,28.81
2019-02-05 03:17:00,,21.45,
2019-02-05 04:51:00,,,14.13
2019-02-05 08:10:00,,,28.58
2019-02-05 10:34:00,,,20.1
2019-02-05 11:23:00,,,18.02
2019-02-05 11:47:00,,,24.54
2019-02-05 15:30:00,,,30.89
2019-02-05 16:02:00,,,25.58
2019-02-05 16:04:00,,,7.44
2019-02-05 16:12:00,,,42.22
2019-02-05 18:06:00,,,8.38
2019-02-05 18:23:00,,27.55,
2019-02-05 18:53:00,,,36.37
2019-02-05 19:24:00,,,24.32
2019-02-05 19:25:00,,47.15,
2019-02-05 20:42:00,,46.91,
2019-02-05 21:02:00,,,31.94
2019-02-05 22:03:00,,35.76,
2019-02-05 22:28:00,,,19.21
2019-02-05 22:53:00,45.02,,
2019-02-06 00:10:00,,,32.93
2019-02-06 00:42:00,,13.59,
2019-02-06 00:47:00,,,40.55
2019-02-06 02:32:00,,35.41,
2019-02-06 03:34:00,,,34.86
2019-02-06 04:11:00,,,29.96
2019-02-06 07:07:00,,,24.47
2019-02-06 10:02:00,,,11.93
2019-02-06 10:58:00,,,40.29
2019-02-06 11:01:00,,,27.87
2019-02-06 12:17:00,,,7.71
2019-02-06 16:11:00,,,11.39
2019-02-06 16:28:00,,45.86,
2019-02-06 17:29:00,,,25.58
2019-02-06 19:23:00,,,9.12
2019-02-06 19:59:00,,,30.31
2019-02-06 20:06:00,,18.33,
2019-02-06 20:33:00,,33.22,
2019-02-06 20:39:00,,13.03,
2019-02-07 00:21:00,,12.58,
2019-02-07 01:10:00,,,9.34
2019-02-07 01:24:00,,,10.91
2019-02-07 05:08:00,,,10.76
2019-02-07 06:07:00,,,36.7
2019-02-07 06:56:00,,31.94,
2019-02-07 07:27:00,,,20.0
2019-02-07 08:44:00,,,7.69
2019-02-07 11:07:00,,,26.09
2019-02-07 13:18:00,,27.02,
2019-02-07 16:19:00,,,38.67
2019-02-07 16:55:00,,,33.51
2019-02-07 18:36:00,,,6.34
2019-02-07 19:40:00,,,30.97
2019-02-07 20:52:00,,15.98,
2019-02-07 21:45:00,,,4.31
2019-02-08 00:14:00,,,15.58
2019-02-08 05:26:00,,,22.74
2019-02-08 05:58:00,,,10.31
2019-02-08 06:11:00,,,25.3
2019-02-08 07:35:00,,,30.02
2019-02-08 10:29:00,,,7.63
2019-02-08 10:30:00,,40.27,
2019-02-08 11:46:00,,,25.76
2019-02-08 13:28:00,,,10.63
2019-02-08 15:50:00,,,16.55
2019-02-08 16:30:00,,,30.38
2019-02-08 17:11:00,,,39.65
2019-02-08 17:29:00,,,34.95
2019-02-08 18:07:00,,,24.49
2019-02-08 18:08:00,,,38.21
2019-02-08 19:03:00,,,4.86
2019-02-08 19:05:00,,,36.23
2019-02-08 19:50:00,,28.27,
2019-02-08 21:11:00,,27.93,
2019-02-08 22:01:00,,,34.69
2019-02-08 23:04:00,,,14.22
2019-02-08 23:33:00,,,21.22
2019-02-08 23:57:00,,,5.7
2019-02-09 00:25:00,,,11.71
2019-02-09 02:17:00,,,7.11
2019-02-09 02:25:00,,,37.51
2019-02-09 04:01:00,,37.52,
2019-02-09 05:16:00,,,26.1
2019-02-09 05:48:00,,,39.55
2019-02-09 05:54:00,,,16.1
2019-02-09 06:55:00,,26.39,
2019-02-09 12:25:00,,,33.97
2019-02-09 12:26:00,,40.83,
2019-02-09 13:28:00,,,6.43
2019-02-09 14:07:00,,,4.42
2019-02-09 16:46:00,,,7.89
2019-02-09 17:49:00,,,21.02
2019-02-09 19:09:00,,,10.62
2019-02-09 19:23:00,,,39.76
2019-02-09 20:42:00,,,12.17
2019-02-10 02:55:00,,,24.39
2019-02-10 03:12:00,,35.76,
2019-02-10 06:34:00,,,25.36
2019-02-10 07:56:00,,35.39,
2019-02-10 08:14:00,,,40.82
2019-02-10 09:16:00,,,38.54
2019-02-10 12:42:00,,,6.69
2019-02-10 13:50:00,,,11.24
2019-02-10 15:11:00,,20.98,
2019-02-10 16:40:00,,37.22,
2019-02-10 19:41:00,,,8.42
2019-02-10 20:19:00,,,31.38
2019-02-10 20:42:00,,,36.17
2019-02-10 21:03:00,11.11,,
2019-02-10 23:22:00,,,23.44
2019-02-10 23:32:00,,,25.79
2019-02-10 23:43:00,,23.35,
2019-02-11 00:24:00,,,43.19
2019-02-11 03:01:00,,,35.89
2019-02-11 03:46:00,,,30.41
2019-02-11 05:42:00,25.78,,
2019-02-11 05:48:00,,,15.55
2019-02-11 08:12:00,,,28.03
2019-02-11 09:00:00,,30.56,
2019-02-11 11:59:00,,,38.0
2019-02-11 15:07:00,,28.64,
2019-02-11 17:28:00,,17.97,
2019-02-11 17:43:00,,23.06,
2019-02-11 18:51:00,,,43.26
2019-02-11 20:25:00,,,33.21
2019-02-11 21:07:00,,,4.75
2019-02-11 23:07:00,,,10.05
2019-02-12 01:18:00,,,44.33
2019-02-12 01:20:00,,,14.8
2019-02-12 02:44:00,,33.19,
2019-02-12 03:42:00,,,5.78
2019-02-12 06:52:00,,,36.01
2019-02-12 07:41:00,,,27.7
2019-02-12 07:58:00,,,37.0
2019-02-12 09:45:00,,20.03,
2019-02-12 10:07:00,,49.55,
2019-02-12 14:24:00,,,11.7
2019-02-12 16:31:00,,,28.92
2019-02-12 16:32:00,,,30.22
2019-02-12 16:33:00,,,22.64
2019-02-12 17:54:00,,26.49,
2019-02-12 18:45:00,,,6.76
2019-02-12 20:27:00,,15.31,
2019-02-12 20:45:00,,,25.58
2019-02-12 22:04:00,,,23.69
2019-02-12 22:59:00,,,5.54
2019-02-12 23:18:00,,47.41,
2019-02-13 03:55:00,,,24.16
2019-02-13 06:07:00,,48.59,
2019-02-13 09:16:00,,38.55,
2019-02-13 09:20:00,,,32.64
2019-02-13 09:44:00,,42.61,
2019-02-13 10:29:00,,,7.43
2019-02-13 11:01:00,,,43.96
2019-02-13 11:40:00,,,16.79
2019-02-13 12:46:00,,,14.0
2019-02-13 15:40:00,,31.67,
2019-02-13 16:46:00,,,44.33
2019-02-13 17:32:00,,,25.72
2019-02-13 20:07:00,,,33.72
2019-02-13 23:56:00,,,10.18
2019-02-14 01:59:00,,30.39,
2019-02-14 02:51:00,,,27.16
2019-02-14 03:27:00,,,44.11
2019-02-14 04:42:00,,,18.38
2019-02-14 05:24:00,,,19.42
2019-02-14 05:55:00,,,42.5
2019-02-14 07:07:00,,16.86,
2019-02-14 11:25:00,,,39.4
2019-02-14 11:29:00,,,4.11
2019-02-14 13:00:00,,,42.04
2019-02-14 14:00:00,,,39.53
2019-02-14 14:40:00,,,11.06
2019-02-14 17:13:00,,42.13,
2019-02-14 17:38:00,,42.31,
2019-02-14 18:21:00,,,43.93
2019-02-14 19:48:00,,,24.49
2019-02-14 20:03:00,,20.26,
2019-02-14 22:52:00,,,30.0
2019-02-15 00:51:00,,,36.7
2019-02-15 02:10:00,,,42.61
2019-02-15 02:18:00,,,15.93
2019-02-15 04:21:00,,,12.28
2019-02-15 06:49:00,,,22.75
2019-02-15 08:01:00,,,44.12
2019-02-15 09:18:00,,,4.63
2019-02-15 10:47:00,,45.4,
2019-02-15 13:31:00,,40.6,
2019-02-15 14:32:00,,,17.35
2019-02-15 15:13:00,,,44.03
2019-02-15 17:00:00,,,25.84
2019-02-15 23:58:00,,,28.18
2019-02-16 01:49:00,,,17.58
2019-02-16 02:04:00,,,20.64
2019-02-16 02:15:00,,,12.15
2019-02-16 02:35:00,,,9.48
2019-02-16 03:35:00,,29.99,
2019-02-16 03:51:00,,15.04,
2019-02-16 04:31:00,,,24.31
2019-02-16 07:08:00,,39.8,
2019-02-16 07:14:00,,47.31,
2019-02-16 10:23:00,,,14.95
2019-02-16 12:22:00,,,30.23
2019-02-16 13:52:00,,,17.92
2019-02-16 15:06:00,,,37.75
2019-02-16 17:02:00,39.46,,
2019-02-16 17:25:00,,,15.33
2019-02-16 17:34:00,,29.25,
2019-02-16 17:52:00,,22.81,
2019-02-16 17:53:00,,14.94,
2019-02-16 19:18:00,,26.66,
2019-02-16 20:00:00,,20.35,
2019-02-16 21:02:00,,,34.42
2019-02-17 00:27:00,,,35.11
2019-02-17 02:06:00,,,39.7
2019-02-17 03:30:00,,,4.4
2019-02-17 04:42:00,30.58,,
2019-02-17 05:01:00,,,22.66
2019-02-17 05:30:00,,,11.7
2019-02-17 05:51:00,,,21.74
2019-02-17 06:28:00,,,41.49
2019-02-17 07:39:00,,,17.03
2019-02-17 07:58:00,,,44.47
2019-02-17 08:20:00,,,37.44
2019-02-17 09:54:00,,,30.25
2019-02-17 09:55:00,,,18.08
2019-02-17 10:04:00,,,10.52
2019-02-17 13:16:00,,34.17,
2019-02-17 13:21:00,,,32.44
2019-02-17 14:10:00,,22.76,
2019-02-17 15:51:00,,,25.33
2019-02-17 17:21:00,,12.6,
2019-02-17 19:23:00,,,37.19
2019-02-17 21:48:00,,,34.27
2019-02-17 23:01:00,,38.24,
2019-02-18 01:12:00,,38.47,
2019-02-18 02:03:00,,,8.32
2019-02-18 02:31:00,,,18.75
2019-02-18 03:09:00,,,31.49
2019-02-18 06:29:00,,41.32,
2019-02-18 07:04:00,,17.06,
2019-02-18 07:47:00,,,20.62
2019-02-18 08:17:00,,,38.09
2019-02-18 09:22:00,,,25.02
2019-02-18 09:31:00,,38.8,
2019-02-18 10:21:00,,41.54,
2019-02-18 10:30:00,,12.55,
2019-02-18 11:25:00,,21.66,
2019-02-18 11:38:00,,47.37,
2019-02-18 11:51:00,,,44.97
2019-02-18 11:53:00,,49.38,
2019-02-18 11:58:00,,,23.98
2019-02-18 12:17:00,,23.87,
2019-02-18 14:27:00,,40.22,
2019-02-18 14:47:00,,,20.16
2019-02-18 15:01:00,,,43.47
2019-02-18 18:27:00,36.16,,
2019-02-18 18:35:00,,42.32,
2019-02-18 18:49:00,,,39.06
2019-02-18 19:28:00,,,44.08
2019-02-18 20:41:00,,35.03,
2019-02-18 21:09:00,,,39.97
2019-02-18 22:21:00,34.32,,
2019-02-18 23:43:00,,,38.97
2019-02-19 00:23:00,32.72,,
2019-02-19 00:53:00,,,40.64
2019-02-19 02:20:00,,,39.59
2019-02-19 02:23:00,,23.45,
2019-02-19 02:25:00,,,26.83
2019-02-19 03:19:00,,,7.05
2019-02-19 03:52:00,58.55,,
2019-02-19 04:01:00,,,36.27
2019-02-19 04:44:00,,31.72,
2019-02-19 04:45:00,,,15.87
2019-02-19 07:48:00,,22.23,
2019-02-19 08:21:00,,42.1,
2019-02-19 08:25:00,,,13.02
2019-02-19 11:01:00,,,17.77
2019-02-19 12:50:00,,29.37,
2019-02-19 13:19:00,,,33.07
2019-02-19 13:59:00,,,21.27
2019-02-19 14:09:00,,,27.11
2019-02-19 14:30:00,,22.97,
2019-02-19 16:11:00,,,12.25
2019-02-19 16:22:00,,,36.39
2019-02-19 18:08:00,,45.55,
2019-02-19 19:49:00,,,40.98
2019-02-19 19:52:00,,19.52,
2019-02-19 20:47:00,,,28.62
2019-02-19 20:48:00,,,4.07
2019-02-19 20:56:00,,,17.41
2019-02-19 21:08:00,,,7.64
2019-02-19 22:53:00,,,27.9
2019-02-20 01:05:00,,,19.65
2019-02-20 01:41:00,,46.67,
2019-02-20 04:19:00,,43.09,
2019-02-20 04:27:00,,,27.1
2019-02-20 06:07:00,,,8.44
2019-02-20 09:30:00,,,28.13
2019-02-20 09:42:00,,,41.16
2019-02-20 10:47:00,,,17.07
2019-02-20 15:05:00,,,31.31
2019-02-20 15:23:00,,,26.9
2019-02-20 16:32:00,44.29,,
2019-02-20 16:59:00,,,24.29
2019-02-20 18:45:00,,,28.24
2019-02-20 19:14:00,,,38.28
2019-02-20 19:32:00,,,13.34
2019-02-20 21:56:00,,33.61,
2019-02-21 01:34:00,,36.37,
2019-02-21 02:37:00,,,27.56
2019-02-21 06:55:00,,,22.65
2019-02-21 08:05:00,,,34.21
2019-02-21 08:28:00,,,40.55
2019-02-21 08:59:00,,,40.05
2019-02-21 10:56:00,,,4.9
2019-02-21 12:29:00,,,27.68
2019-02-21 12:56:00,,22.96,
2019-02-21 13:09:00,,,7.49
2019-02-21 13:51:00,,,29.99
2019-02-21 15:09:00,,,23.48
2019-02-21 16:38:00,,,44.18
2019-02-21 17:53:00,,,7.06
2019-02-21 18:44:00,,,19.81
2019-02-21 18:53:00,,,36.21
2019-02-21 19:16:00,55.4,,
2019-02-21 19:36:00,,41.21,
2019-02-21 20:28:00,,,12.44
2019-02-21 20:37:00,,,24.13
2019-02-21 22:04:00,,30.97,
2019-02-21 22:19:00,,,5.95
2019-02-21 23:06:00,,23.3,
2019-02-22 01:46:00,33.38,,
2019-02-22 01:56:00,,,25.33
2019-02-22 02:22:00,,,19.44
2019-02-22 03:55:00,,,6.39
2019-02-22 04:05:00,,,23.09
2019-02-22 04:25:00,,,20.56
2019-02-22 06:26:00,,37.51,
2019-02-22 07:07:00,,,18.67
2019-02-22 07:44:00,,,22.52
2019-02-22 09:01:00,17.4,,
2019-02-22 14:39:00,,16.97,
2019-02-22 14:40:00,,20.35,
2019-02-22 15:00:00,,,16.46
2019-02-22 18:15:00,,,7.13
2019-02-22 19:42:00,,,27.48
2019-02-22 22:11:00,,,17.35
2019-02-22 22:46:00,,,10.19
2019-02-22 23:29:00,,23.36,
2019-02-22 23:54:00,,,7.64
2019-02-23 00:15:00,,,15.48
2019-02-23 00:41:00,,,15.94
2019-02-23 01:19:00,,,7.08
2019-02-23 01:34:00,,,31.97
2019-02-23 04:35:00,,46.02,
2019-02-23 06:10:00,,,26.63
2019-02-23 08:31:00,,,15.61
2019-02-23 11:13:00,,,4.24
2019-02-23 11:22:00,,23.5,
2019-02-23 11:46:00,,,19.99
2019-02-23 12:00:00,37.05,,
2019-02-23 13:48:00,,,18.15
2019-02-23 13:51:00,,,9.25
2019-02-23 14:58:00,,,41.98
2019-02-23 16:30:00,,26.28,
2019-02-23 17:42:00,,,4.68
2019-02-23 19:13:00,,,14.04
2019-02-23 19:46:00,,,33.24
2019-02-23 21:12:00,47.9,,
2019-02-24 00:44:00,21.89,,
2019-02-24 02:56:00,,,40.33
2019-02-24 03:58:00,,40.92,
2019-02-24 04:29:00,,,33.44
2019-02-24 04:41:00,,,40.8
2019-02-24 05:39:00,,,27.64
2019-02-24 06:14:00,,,39.2
2019-02-24 06:25:00,,41.57,
2019-02-24 07:57:00,,,39.12
2019-02-24 07:58:00,,45.66,
2019-02-24 08:40:00,,,13.93
2019-02-24 10:26:00,,,7.8
2019-02-24 12:05:00,,,9.63
2019-02-24 13:40:00,,12.86,
2019-02-24 15:39:00,,,8.33
2019-02-24 16:37:00,,36.88,
2019-02-24 16:51:00,,48.8,
2019-02-24 18:02:00,,27.38,
2019-02-24 19:34:00,,,34.82
2019-02-24 22:01:00,,,8.48
2019-02-24 22:20:00,,,35.63
2019-02-24 23:10:00,,,43.66
2019-02-25 00:01:00,,22.27,
2019-02-25 02:33:00,,,10.21
2019-02-25 03:54:00,,26.33,
2019-02-25 04:10:00,16.18,,
2019-02-25 04:32:00,,,13.58
2019-02-25 08:26:00,,,32.37
2019-02-25 10:17:00,,35.8,
2019-02-25 11:11:00,,,15.94
2019-02-25 12:18:00,,,14.51
2019-02-25 18:39:00,,,15.06
2019-02-25 19:06:00,54.66,,
2019-02-25 21:40:00,,20.44,
2019-02-25 23:06:00,,,25.87
2019-02-25 23:46:00,28.65,,
2019-02-26 05:03:00,,,25.18
2019-02-26 05:24:00,,,19.05
2019-02-26 06:48:00,,,7.81
2019-02-26 07:03:00,54.66,,
2019-02-26 09:36:00,,,18.76
2019-02-26 10:01:00,,,28.52
2019-02-26 11:53:00,,12.49,
2019-02-26 11:57:00,,,13.88
2019-02-26 12:23:00,,16.39,
2019-02-26 12:59:00,,12.64,
2019-02-26 13:01:00,,,38.05
2019-02-26 17:44:00,,32.7,
2019-02-26 18:42:00,,,8.85
2019-02-26 18:56:00,,24.28,
2019-02-26 20:40:00,,,35.61
2019-02-27 00:40:00,,,25.4
2019-02-27 00:58:00,,,13.38
2019-02-27 01:34:00,,,35.31
2019-02-27 02:00:00,,,10.4
2019-02-27 02:44:00,,,11.33
2019-02-27 03:58:00,,,27.4
2019-02-27 04:29:00,,,22.81
2019-02-27 06:43:00,,,32.73
2019-02-27 07:09:00,,,9.43
2019-02-27 08:19:00,,,33.34
2019-02-27 11:17:00,,,43.25
2019-02-27 11:19:00,,,35.19
2019-02-27 11:42:00,,,36.87
2019-02-27 17:13:00,,44.91,
2019-02-27 17:38:00,,17.1,
2019-02-27 18:08:00,,,43.31
2019-02-27 18:56:00,,36.26,
2019-02-27 20:51:00,,,8.37
2019-02-28 01:14:00,,,36.87
2019-02-28 03:20:00,,,44.85
2019-02-28 04:13:00,,,25.96
2019-02-28 05:23:00,,,21.78
2019-02-28 05:42:00,,,12.02
2019-02-28 05:55:00,,46.4,
2019-02-28 07:10:00,,17.09,
2019-02-28 07:39:00,,,33.83
2019-02-28 08:46:00,,31.14,
2019-02-28 11:07:00,,41.18,
2019-02-28 12:03:00,,,31.82
2019-02-28 13:10:00,,,9.08
2019-02-28 14:54:00,,,42.2
2019-02-28 15:08:00,,,44.96
2019-02-28 15:20:00,,,30.3
2019-02-28 16:10:00,,,11.26
2019-02-28 16:46:00,,,33.72
2019-02-28 18:19:00,,,11.1
2019-02-28 20:01:00,,,38.42
2019-02-28 20:02:00,,,31.01
2019-02-28 20:26:00,,42.71,
2019-02-28 21:02:00,,35.07,
2019-02-28 21:39:00,,,14.4
2019-02-28 22:50:00,,,13.39
2019-03-01 04:34:00,,43.77,20.8
2019-03-01 08:58:00,,,43.25
2019-03-01 11:06:00,,,28.25
2019-03-01 11:13:00,,,30.3
2019-03-01 13:10:00,,34.24,
2019-03-01 15:07:00,,,23.45
2019-03-01 18:48:00,,,34.71
2019-03-01 21:33:00,,,11.97
2019-03-01 22:01:00,,,24.55
2019-03-02 00:54:00,,,25.14
2019-03-02 02:11:00,,36.81,
2019-03-02 02:47:00,,14.32,
2019-03-02 04:56:00,,,5.19
2019-03-02 06:06:00,,,10.35
2019-03-02 07:23:00,,,30.62
2019-03-02 07:48:00,,33.22,
2019-03-02 09:13:00,,,23.55
2019-03-02 09:54:00,,,33.12
2019-03-02 10:47:00,,,10.89
2019-03-02 11:43:00,,,34.65
2019-03-02 12:06:00,,14.95,
2019-03-02 14:44:00,,,39.77
2019-03-02 15:40:00,,,28.04
2019-03-02 17:06:00,,13.92,
2019-03-02 18:03:00,,,44.26
2019-03-02 18:56:00,,,6.08
2019-03-02 20:29:00,,,25.28
2019-03-02 21:04:00,20.99,,
2019-03-02 22:23:00,,,25.15
2019-03-02 23:36:00,,36.49,
2019-03-03 00:24:00,,,20.71
2019-03-03 01:24:00,,,43.44
2019-03-03 02:13:00,,,28.02
2019-03-03 03:17:00,,,25.17
2019-03-03 04:25:00,,46.01,
2019-03-03 05:13:00,,,26.6
2019-03-03 05:28:00,,,41.39
2019-03-03 06:14:00,,18.17,
2019-03-03 07:40:00,,,22.44
2019-03-03 08:45:00,,,7.63
2019-03-03 09:00:00,,,29.88
2019-03-03 11:28:00,,,36.31
2019-03-03 11:38:00,,,13.41
2019-03-03 11:57:00,,,11.42
2019-03-03 13:17:00,,33.97,
2019-03-03 14:48:00,,,37.3
2019-03-03 16:07:00,,,27.48
2019-03-03 16:13:00,,,41.62
2019-03-03 17:50:00,,,28.08
2019-03-03 18:15:00,,,19.19
2019-03-03 19:43:00,,17.39,
2019-03-04 00:41:00,,,23.7
2019-03-04 01:04:00,,16.6,
2019-03-04 03:06:00,,27.67,
2019-03-04 03:26:00,,,40.35
2019-03-04 04:10:00,,17.89,
2019-03-04 10:14:00,,,38.49
2019-03-04 10:30:00,,,36.76
2019-03-04 11:08:00,,,23.33
2019-03-04 12:20:00,,,5.04
2019-03-04 12:31:00,,,43.98
2019-03-04 12:38:00,,,28.18
2019-03-04 14:14:00,,,22.91
2019-03-04 15:13:00,,,28.69
2019-03-04 16:59:00,,,42.58
2019-03-04 17:20:00,,,21.38
2019-03-04 17:50:00,,,20.72
2019-03-04 18:00:00,,,41.65
2019-03-04 18:24:00,,,30.24
2019-03-04 20:36:00,,,25.21
2019-03-04 21:52:00,,20.83,
2019-03-04 22:13:00,,,14.83
2019-03-04 22:29:00,,,6.19
2019-03-04 22:51:00,,,34.93
2019-03-05 00:42:00,,,36.35
2019-03-05 01:38:00,,,44.1
2019-03-05 02:15:00,,,26.28
2019-03-05 02:33:00,,,25.02
2019-03-05 03:27:00,,,12.91
2019-03-05 04:33:00,,13.39,
2019-03-05 04:46:00,29.45,,
2019-03-05 05:39:00,,,4.33
2019-03-05 09:44:00,,,42.79
2019-03-05 11:48:00,,29.12,
2019-03-05 12:05:00,,,11.16
2019-03-05 12:12:00,,,5.43
2019-03-05 12:31:00,,14.15,
2019-03-05 15:43:00,,,23.75
2019-03-05 16:00:00,,,4.85
2019-03-05 19:06:00,,25.44,
2019-03-05 19:18:00,,32.29,
2019-03-05 21:19:00,38.18,,
2019-03-05 22:01:00,,19.21,
2019-03-05 22:04:00,,48.2,
2019-03-05 23:23:00,,,44.77
2019-03-06 00:02:00,,,31.33
2019-03-06 02:27:00,,,10.02
2019-03-06 03:55:00,,25.69,
2019-03-06 03:56:00,,,30.87
2019-03-06 04:19:00,,,32.37
2019-03-06 04:28:00,,,34.58
2019-03-06 04:42:00,,,37.4
2019-03-06 04:48:00,,,38.88
2019-03-06 06:10:00,,,22.86
2019-03-06 06:36:00,,46.07,
2019-03-06 07:44:00,,,23.53
2019-03-06 08:49:00,,13.61,
2019-03-06 09:09:00,44.17,,
2019-03-06 09:51:00,,,6.73
2019-03-06 10:01:00,,13.86,
2019-03-06 12:53:00,,,8.28
2019-03-06 14:00:00,,35.95,
2019-03-06 17:06:00,,,41.29
2019-03-06 17:11:00,,15.53,
2019-03-06 19:26:00,,,26.34
2019-03-06 20:06:00,48.11,,
2019-03-06 20:26:00,,,14.87
2019-03-06 21:44:00,19.74,,
2019-03-06 22:56:00,,,12.38
2019-03-06 23:01:00,,,44.41
2019-03-07 01:51:00,,,14.55
2019-03-07 02:22:00,,39.17,
2019-03-07 02:26:00,,,18.76
2019-03-07 02:57:00,,29.34,
2019-03-07 05:24:00,,,15.82
2019-03-07 06:32:00,,,4.28
2019-03-07 07:21:00,,,31.08
2019-03-07 10:38:00,,,14.8
2019-03-07 12:09:00,,,27.26
2019-03-07 12:26:00,,,23.55
2019-03-07 12:38:00,,,41.96
2019-03-07 15:47:00,,,23.66
2019-03-07 15:57:00,,,12.22
2019-03-07 17:57:00,,26.55,
2019-03-07 18:37:00,,,42.04
2019-03-07 19:10:00,48.79,,
2019-03-07 20:09:00,,,32.27
2019-03-07 20:34:00,,,34.22
2019-03-07 20:59:00,,,17.66
2019-03-07 22:30:00,,29.43,
2019-03-07 23:37:00,,,7.78
2019-03-08 01:08:00,,,41.06
2019-03-08 03:46:00,,,17.81
2019-03-08 04:18:00,,,27.42
2019-03-08 04:55:00,,43.79,
2019-03-08 05:29:00,,42.68,
2019-03-08 07:06:00,,,6.08
2019-03-08 07:57:00,,,43.59
2019-03-08 08:55:00,,,17.17
2019-03-08 09:24:00,,,29.15
2019-03-08 09:53:00,,,37.81
2019-03-08 10:33:00,,,41.3
2019-03-08 11:06:00,,41.85,
2019-03-08 13:24:00,,,4.92
2019-03-08 13:35:00,,,34.32
2019-03-08 15:08:00,,,18.35
2019-03-08 15:28:00,,31.71,
2019-03-08 16:32:00,,,23.06
2019-03-08 16:35:00,,26.12,
2019-03-08 17:43:00,,34.45,
2019-03-08 19:51:00,,16.35,
2019-03-08 20:06:00,,,25.21
2019-03-08 21:57:00,,,9.54
2019-03-09 02:23:00,,35.3,
2019-03-09 03:25:00,,,39.32
2019-03-09 03:50:00,,,40.86
2019-03-09 04:39:00,,,14.41
2019-03-09 06:26:00,,,42.81
2019-03-09 09:54:00,,25.08,
2019-03-09 11:22:00,,21.44,
2019-03-09 14:47:00,,,35.68
2019-03-09 16:59:00,,,6.5
2019-03-09 23:07:00,,26.24,
2019-03-09 23:45:00,,,19.89
2019-03-10 01:02:00,,,10.63
2019-03-10 01:07:00,,,28.0
2019-03-10 02:11:00,,40.27,
2019-03-10 05:15:00,,,22.43
2019-03-10 05:23:00,,,29.13
2019-03-10 07:36:00,,,22.65
2019-03-10 08:15:00,,,27.91
2019-03-10 09:19:00,,,37.89
2019-03-10 10:05:00,56.48,,
2019-03-10 10:11:00,19.02,,
2019-03-10 10:45:00,,,4.43
2019-03-10 11:23:00,,,27.1
2019-03-10 13:31:00,,,22.72
2019-03-10 13:55:00,,,10.83
2019-03-10 19:24:00,,,43.18
2019-03-10 20:00:00,,,6.74
2019-03-10 20:10:00,,,4.1
2019-03-10 22:42:00,,,7.98
2019-03-11 00:51:00,49.82,,
2019-03-11 02:19:00,,,27.39
2019-03-11 08:09:00,,,34.53
2019-03-11 12:23:00,,,41.37
2019-03-11 12:26:00,,,9.52
2019-03-11 16:10:00,,,43.45
2019-03-11 16:18:00,,,44.29
2019-03-11 17:26:00,,,36.15
2019-03-11 20:07:00,,,7.01
2019-03-11 21:03:00,,,37.93
2019-03-11 21:35:00,,,16.78
2019-03-12 01:39:00,,,18.67
2019-03-12 02:44:00,,,22.97
2019-03-12 04:22:00,26.55,,
2019-03-12 04:54:00,,,37.05
2019-03-12 05:26:00,,23.46,
2019-03-12 06:05:00,,31.23,
2019-03-12 06:47:00,,,8.35
2019-03-12 06:59:00,,,16.98
2019-03-12 09:06:00,,,25.1
2019-03-12 09:22:00,,,35.57
2019-03-12 10:02:00,,,21.18
2019-03-12 10:46:00,,38.26,
2019-03-12 11:08:00,,,13.79
2019-03-12 13:05:00,23.21,,
2019-03-12 13:53:00,,,38.26
2019-03-12 14:47:00,,,28.12
2019-03-12 16:33:00,,,24.41
2019-03-12 19:25:00,,29.47,
2019-03-12 21:01:00,,,5.76
2019-03-12 21:52:00,,,21.17
2019-03-13 01:15:00,,,16.01
2019-03-13 01:47:00,,,32.05
2019-03-13 04:21:00,,,10.44
2019-03-13 05:28:00,,45.43,
2019-03-13 06:10:00,,,27.79
2019-03-13 06:41:00,26.09,,
2019-03-13 08:03:00,,,5.03
2019-03-13 08:07:00,,27.54,
2019-03-13 09:17:00,,,36.79
2019-03-13 09:48:00,,,14.84
2019-03-13 12:52:00,,,13.88
2019-03-13 14:40:00,37.72,,
2019-03-13 14:50:00,,18.72,
2019-03-13 16:06:00,,14.36,
2019-03-13 23:19:00,,21.62,
2019-03-14 00:49:00,,13.09,
2019-03-14 01:22:00,,47.93,
2019-03-14 03:47:00,,16.5,
2019-03-14 09:28:00,,,9.22
2019-03-14 09:47:00,,44.31,
2019-03-14 10:37:00,,,30.49
2019-03-14 10:46:00,,,36.32
2019-03-14 14:43:00,,,10.29
2019-03-14 15:24:00,,,35.27
2019-03-14 15:25:00,,,18.28
2019-03-14 16:12:00,,,36.84
2019-03-14 16:29:00,,,35.65
2019-03-14 16:47:00,,,27.9
2019-03-14 17:07:00,,,16.31
2019-03-14 17:18:00,,,18.66
2019-03-14 19:44:00,,35.79,
2019-03-14 21:25:00,,,20.26
2019-03-14 23:10:00,,25.12,
2019-03-14 23:46:00,,,24.4
2019-03-15 04:48:00,,,4.6
2019-03-15 05:02:00,,48.34,
2019-03-15 08:22:00,,15.71,
2019-03-15 08:24:00,,,22.28
2019-03-15 08:40:00,,,43.5
2019-03-15 09:03:00,,,5.62
2019-03-15 10:18:00,,,30.83
2019-03-15 10:22:00,,,34.09
2019-03-15 12:09:00,,31.58,
2019-03-15 13:10:00,,39.66,
2019-03-15 15:08:00,,,25.97
2019-03-15 15:11:00,,,31.89
2019-03-15 19:42:00,,37.09,
2019-03-15 21:16:00,,,30.27
2019-03-15 22:44:00,,,28.3
2019-03-16 01:38:00,,,17.19
2019-03-16 02:20:00,,,4.87
2019-03-16 06:31:00,,,34.2
2019-03-16 07:06:00,,,10.04
2019-03-16 10:03:00,,,30.66
2019-03-16 10:22:00,,,25.06
2019-03-16 11:15:00,,20.59,
2019-03-16 11:46:00,,,23.99
2019-03-16 16:27:00,,,42.89
2019-03-16 18:07:00,,20.1,
2019-03-16 18:10:00,,35.36,
2019-03-16 19:46:00,,,19.61
2019-03-16 20:49:00,,19.23,43.82
2019-03-16 20:54:00,,,30.24
2019-03-16 23:00:00,,,21.39
2019-03-16 23:48:00,,28.99,
2019-03-16 23:59:00,,,5.23
2019-03-17 00:30:00,,,35.42
2019-03-17 00:31:00,,,36.31
2019-03-17 00:39:00,,47.75,
2019-03-17 01:22:00,,,23.26
2019-03-17 04:22:00,,,15.95
2019-03-17 04:31:00,,18.09,
2019-03-17 04:51:00,,,17.38
2019-03-17 05:25:00,,20.74,
2019-03-17 06:50:00,,,29.95
2019-03-17 08:33:00,,45.33,
2019-03-17 09:42:00,,,23.45
2019-03-17 14:42:00,,,33.11
2019-03-17 14:48:00,,,26.71
2019-03-17 15:43:00,,,30.31
2019-03-17 16:51:00,,,39.58
2019-03-17 17:07:00,,,6.12
2019-03-17 19:21:00,,,19.05
2019-03-17 19:23:00,,,10.18
2019-03-17 20:29:00,,44.81,
2019-03-17 22:39:00,,,15.35
2019-03-17 22:50:00,,,14.61
2019-03-17 23:54:00,,,8.62
2019-03-18 02:32:00,,40.81,
2019-03-18 04:11:00,,,17.57
2019-03-18 04:53:00,,,4.29
2019-03-18 07:07:00,,,36.04
2019-03-18 08:04:00,,44.21,
2019-03-18 09:24:00,,,7.45
2019-03-18 10:10:00,,,6.41
2019-03-18 10:38:00,40.34,,
2019-03-18 11:45:00,,33.83,
2019-03-18 12:07:00,,36.26,
2019-03-18 12:08:00,,,34.05
2019-03-18 12:47:00,,,8.58
2019-03-18 12:48:00,,,36.96
2019-03-18 15:28:00,,,23.62
2019-03-18 15:57:00,,,13.06
2019-03-18 16:59:00,33.72,,
2019-03-18 17:14:00,,,12.64
2019-03-18 22:54:00,,,25.05
2019-03-18 22:55:00,,35.58,
2019-03-19 00:04:00,,33.43,
2019-03-19 01:52:00,,,42.74
2019-03-19 03:15:00,,,5.65
2019-03-19 05:25:00,,18.01,
2019-03-19 05:46:00,,,40.86
2019-03-19 05:49:00,,45.52,
2019-03-19 06:00:00,,31.16,
2019-03-19 07:17:00,,,15.78
2019-03-19 07:54:00,,,30.03
2019-03-19 08:13:00,,25.46,
2019-03-19 08:30:00,,44.85,
2019-03-19 10:43:00,,20.04,
2019-03-19 12:17:00,,,26.6
2019-03-19 12:25:00,,40.39,
2019-03-19 12:32:00,,,17.21
2019-03-19 14:30:00,,,33.14
2019-03-19 14:50:00,,,23.07
2019-03-19 15:21:00,,,22.63
2019-03-19 15:25:00,,,27.37
2019-03-19 15:31:00,,,5.3
2019-03-19 16:19:00,,,31.72
2019-03-19 16:48:00,,29.54,
2019-03-19 16:58:00,,,29.88
2019-03-19 17:31:00,,,15.05
2019-03-19 17:33:00,,37.42,
2019-03-19 17:37:00,,28.19,
2019-03-19 19:18:00,,46.42,
2019-03-19 19:25:00,,48.98,
2019-03-19 20:41:00,,,18.17
2019-03-19 22:03:00,,,40.29
2019-03-19 23:42:00,,,40.2
2019-03-20 00:45:00,,,40.55
2019-03-20 01:28:00,,,15.37
2019-03-20 02:20:00,,,38.53
2019-03-20 03:04:00,,,42.83
2019-03-20 05:36:00,,35.34,
2019-03-20 05:37:00,,,33.9
2019-03-20 05:48:00,,,36.7
2019-03-20 07:40:00,,,27.45
2019-03-20 10:34:00,,,33.24
2019-03-20 10:40:00,,,42.57
2019-03-20 18:52:00,,35.09,
2019-03-20 19:11:00,,,20.21
2019-03-20 23:44:00,,,23.83
2019-03-21 00:14:00,,,43.87
2019-03-21 00:18:00,,,37.95
2019-03-21 00:26:00,,,9.06
2019-03-21 01:28:00,,,15.64
2019-03-21 01:45:00,,22.12,
2019-03-21 02:20:00,,,32.8
2019-03-21 02:57:00,,,21.41
2019-03-21 05:48:00,,,8.2
2019-03-21 07:56:00,,,39.26
2019-03-21 08:44:00,,,32.42
2019-03-21 09:28:00,,,18.24
2019-03-21 09:45:00,,,10.42
2019-03-21 11:01:00,,17.43,
2019-03-21 13:31:00,,,27.96
2019-03-21 15:40:00,,,44.64
2019-03-21 15:44:00,,,6.13
2019-03-21 17:25:00,,,11.97
2019-03-21 18:31:00,,,39.02
2019-03-21 19:46:00,,,14.12
2019-03-21 22:45:00,,49.59,
2019-03-21 22:54:00,,,9.42
2019-03-21 23:26:00,,,26.69
2019-03-22 03:05:00,,38.41,
2019-03-22 04:06:00,,,33.1
2019-03-22 04:17:00,,,15.54
2019-03-22 04:19:00,,,34.69
2019-03-22 04:41:00,,,16.35
2019-03-22 05:00:00,,24.8,
2019-03-22 05:26:00,,,6.58
2019-03-22 08:56:00,,,22.05
2019-03-22 11:19:00,,,32.85
2019-03-22 14:33:00,,,18.72
2019-03-22 16:17:00,,38.66,
2019-03-22 20:18:00,,25.86,
2019-03-22 20:35:00,,,39.96
2019-03-22 21:54:00,,14.13,
2019-03-22 22:02:00,,,23.31
2019-03-22 22:20:00,38.3,,
2019-03-22 22:31:00,,,15.85
2019-03-23 01:43:00,,,33.12
2019-03-23 02:01:00,,40.53,
2019-03-23 06:28:00,,,30.58
2019-03-23 08:27:00,,,37.89
2019-03-23 09:36:00,,18.58,
2019-03-23 10:48:00,,,4.64
2019-03-23 12:21:00,,,13.7
2019-03-23 16:36:00,,,40.07
2019-03-23 16:45:00,,,14.72
2019-03-23 20:59:00,,,23.76
2019-03-23 21:53:00,,40.07,
2019-03-24 00:26:00,,,30.55
2019-03-24 02:53:00,,31.53,
2019-03-24 02:56:00,,,39.6
2019-03-24 06:34:00,,,12.24
2019-03-24 06:49:00,,,4.05
2019-03-24 07:34:00,19.89,,
2019-03-24 07:40:00,,,32.72
2019-03-24 09:50:00,,,4.07
2019-03-24 10:24:00,,,10.05
2019-03-24 12:04:00,,,8.77
2019-03-24 12:17:00,,,31.47
2019-03-24 13:39:00,,,32.17
2019-03-24 13:53:00,,,32.21
2019-03-24 15:21:00,,,34.9
2019-03-24 16:27:00,,,14.94
2019-03-24 16:37:00,,,25.65
2019-03-24 18:53:00,57.51,,
2019-03-24 19:06:00,,,31.41
2019-03-24 21:04:00,,49.96,
2019-03-24 21:58:00,,,28.84
2019-03-24 23:37:00,,,41.44
2019-03-25 01:20:00,,17.99,
2019-03-25 02:14:00,,40.11,
2019-03-25 02:17:00,,,41.61
2019-03-25 08:26:00,,18.16,
2019-03-25 08:38:00,,,7.04
2019-03-25 12:14:00,,,9.64
2019-03-25 12:57:00,,21.89,
2019-03-25 13:20:00,,,34.94
2019-03-25 13:36:00,10.37,,
2019-03-25 14:33:00,,,34.06
2019-03-25 15:50:00,,,23.48
2019-03-25 16:07:00,,,42.93
2019-03-25 17:11:00,,,7.19
2019-03-25 18:17:00,,,7.09
2019-03-25 18:55:00,,,35.29
2019-03-25 20:35:00,,,23.38
2019-03-25 20:45:00,,,22.53
2019-03-25 21:25:00,,,26.4
2019-03-25 21:46:00,,,36.92
2019-03-26 00:49:00,,,9.79
2019-03-26 04:20:00,,28.69,
2019-03-26 04:27:00,,,13.97
2019-03-26 04:33:00,,19.03,
2019-03-26 05:52:00,,48.26,
2019-03-26 06:12:00,,,35.5
2019-03-26 07:22:00,,,7.63
2019-03-26 08:11:00,,37.29,
2019-03-26 08:40:00,,26.24,
2019-03-26 09:45:00,,,22.33
2019-03-26 10:39:00,,,26.91
2019-03-26 11:33:00,,28.71,
2019-03-26 18:27:00,,54.59,
2019-03-26 19:09:00,,,28.83
2019-03-26 19:35:00,,19.22,
2019-03-26 20:22:00,,,41.15
2019-03-26 22:47:00,,,13.34
2019-03-27 00:10:00,,,18.89
2019-03-27 00:20:00,,,18.43
2019-03-27 00:31:00,,,16.05
2019-03-27 00:44:00,,,25.29
2019-03-27 01:08:00,,,21.46
2019-03-27 01:37:00,,34.65,
2019-03-27 02:11:00,,,38.69
2019-03-27 02:18:00,,,7.29
2019-03-27 06:49:00,,,8.57
2019-03-27 07:24:00,,,11.51
2019-03-27 08:12:00,,29.07,
2019-03-27 08:26:00,,,38.99
2019-03-27 08:27:00,,,26.25
2019-03-27 09:35:00,,34.54,
2019-03-27 09:44:00,,,33.4
2019-03-27 11:50:00,,,22.64
2019-03-27 11:55:00,,28.8,
2019-03-27 11:56:00,,,15.64
2019-03-27 12:07:00,34.42,,
2019-03-27 12:12:00,,,44.27
2019-03-27 12:48:00,,,13.29
2019-03-27 13:11:00,,,36.52
2019-03-27 13:32:00,,,4.72
2019-03-27 16:22:00,,36.0,
2019-03-27 18:27:00,54.85,,
2019-03-27 19:19:00,,,30.66
2019-03-27 19:44:00,,49.65,
2019-03-27 21:07:00,11.87,,
2019-03-27 21:48:00,38.62,,
2019-03-27 22:14:00,,,4.63
2019-03-27 23:57:00,,,21.55
2019-03-28 00:12:00,35.45,,
2019-03-28 01:32:00,,43.77,
2019-03-28 03:35:00,,,14.94
2019-03-28 04:12:00,,26.22,
2019-03-28 04:27:00,,17.5,
2019-03-28 07:41:00,,,7.56
2019-03-28 09:56:00,,,28.53
2019-03-28 11:03:00,,26.01,
2019-03-28 12:48:00,,,10.91
2019-03-28 13:29:00,,,22.28
2019-03-28 14:25:00,,14.75,
2019-03-28 15:00:00,,,35.88
2019-03-28 18:03:00,,,42.75
2019-03-28 19:16:00,,34.03,
2019-03-28 19:33:00,,,7.75
2019-03-28 22:28:00,,,9.19
2019-03-29 01:02:00,,,29.55
2019-03-29 02:52:00,,44.12,
2019-03-29 03:22:00,,,14.54
2019-03-29 04:07:00,,,5.32
2019-03-29 04:22:00,,,17.53
2019-03-29 04:50:00,,34.84,
2019-03-29 04:59:00,,,40.29
2019-03-29 07:24:00,,14.21,
2019-03-29 08:33:00,,,11.06
2019-03-29 08:36:00,,37.6,
2019-03-29 09:11:00,13.84,,
2019-03-29 13:33:00,,,35.36
2019-03-29 15:16:00,,,37.76
2019-03-29 17:35:00,,,31.43
2019-03-29 19:12:00,,,43.79
2019-03-29 20:14:00,,14.77,
2019-03-29 20:35:00,,,42.51
2019-03-29 21:43:00,,,35.58
2019-03-29 22:38:00,,34.97,
2019-03-29 22:54:00,,,5.93
2019-03-30 00:54:00,,16.53,
2019-03-30 01:27:00,,,25.19
2019-03-30 01:56:00,,,20.21
2019-03-30 02:27:00,,,11.15
2019-03-30 03:13:00,,,4.66
2019-03-30 06:31:00,,,12.04
2019-03-30 09:45:00,,44.74,
2019-03-30 10:46:00,,,22.41
2019-03-30 11:38:00,,,24.64
2019-03-30 13:15:00,,,31.3
2019-03-30 15:12:00,,,16.2
2019-03-30 17:23:00,,23.87,
2019-03-30 17:59:00,,,15.17
2019-03-30 20:21:00,,,4.2
2019-03-30 20:43:00,,,19.48
2019-03-30 21:22:00,,,40.8
2019-03-31 02:08:00,,,4.65
2019-03-31 03:35:00,,,21.24
2019-03-31 06:05:00,,44.24,
2019-03-31 11:49:00,,,24.16
2019-03-31 13:58:00,,,29.41
2019-03-31 14:58:00,,,7.67
2019-03-31 15:22:00,,,30.77
2019-03-31 17:01:00,,,36.29
2019-04-01 00:02:00,,24.4,
2019-04-01 00:11:00,,,22.65
2019-04-01 00:20:00,,,31.72
2019-04-01 00:35:00,,,27.84
2019-04-01 01:06:00,,,8.23
2019-04-01 03:17:00,,28.07,
2019-04-01 03:46:00,,23.73,
2019-04-01 04:02:00,,,25.65
2019-04-01 04:31:00,,,63.15
2019-04-01 06:26:00,,,9.94
2019-04-01 09:24:00,,,24.29
2019-04-01 09:27:00,,,28.54
2019-04-01 09:32:00,21.63,,
2019-04-01 12:09:00,,,10.76
2019-04-01 13:39:00,26.73,,
2019-04-01 14:43:00,,,40.45
2019-04-01 14:50:00,,,28.84
2019-04-01 16:37:00,54.65,,
2019-04-01 17:37:00,,,16.83
2019-04-01 22:04:00,,38.71,
2019-04-01 23:46:00,,,40.87
2019-04-02 01:04:00,,20.0,
2019-04-02 03:59:00,,16.63,
2019-04-02 04:02:00,,23.78,
2019-04-02 04:29:00,,34.38,
2019-04-02 04:52:00,,,10.52
2019-04-02 07:05:00,,,9.67
2019-04-02 08:53:00,,21.31,
2019-04-02 09:17:00,47.07,,
2019-04-02 10:26:00,14.11,,
2019-04-02 12:23:00,,49.33,
2019-04-02 15:48:00,,,13.55
2019-04-02 16:29:00,,33.41,
2019-04-02 16:53:00,,,66.7
2019-04-02 17:12:00,,12.19,
2019-04-02 17:39:00,,,22.76
2019-04-02 19:22:00,,,41.93
2019-04-02 19:38:00,,28.55,
2019-04-02 21:00:00,13.46,,
2019-04-02 21:10:00,,,43.2
2019-04-02 22:13:00,,,25.84
2019-04-03 01:20:00,,,15.14
2019-04-03 01:47:00,,,31.6
2019-04-03 02:42:00,,,10.56
2019-04-03 03:16:00,,,24.76
2019-04-03 03:27:00,,12.76,
2019-04-03 03:29:00,,,14.06
2019-04-03 03:36:00,,,43.07
2019-04-03 05:41:00,38.92,,
2019-04-03 07:02:00,,,29.88
2019-04-03 07:51:00,,,32.7
2019-04-03 08:47:00,,,4.74
2019-04-03 09:30:00,,,5.16
2019-04-03 11:34:00,,,18.62
2019-04-03 12:01:00,,,33.03
2019-04-03 12:18:00,,26.93,
2019-04-03 13:15:00,,,19.66
2019-04-03 13:27:00,,,5.09
2019-04-03 14:44:00,,,23.52
2019-04-03 15:07:00,,,40.77
2019-04-03 15:25:00,,,44.15
2019-04-03 16:27:00,,,14.73
2019-04-03 17:52:00,,21.29,
2019-04-03 20:23:00,,,33.74
2019-04-03 22:33:00,,15.59,
2019-04-04 01:11:00,,,24.47
2019-04-04 01:58:00,43.86,,
2019-04-04 02:35:00,,,23.18
2019-04-04 03:48:00,,18.77,
2019-04-04 06:02:00,,16.9,
2019-04-04 06:42:00,,,25.38
2019-04-04 06:46:00,,,41.45
2019-04-04 06:55:00,,,31.52
2019-04-04 08:04:00,,,25.93
2019-04-04 10:59:00,,23.38,
2019-04-04 11:46:00,,,39.39
2019-04-04 13:03:00,,,28.52
2019-04-04 13:13:00,51.83,,
2019-04-04 13:22:00,,,12.91
2019-04-04 14:32:00,,,42.27
2019-04-04 15:04:00,,,16.35
2019-04-04 21:05:00,,23.79,
2019-04-04 21:13:00,,21.56,
2019-04-04 23:19:00,,,19.38
2019-04-05 01:38:00,,19.57,
2019-04-05 02:03:00,,,38.17
2019-04-05 02:05:00,,,31.89
2019-04-05 03:18:00,,,44.58
2019-04-05 05:23:00,,43.91,
2019-04-05 07:12:00,,,22.87
2019-04-05 07:22:00,,,14.21
2019-04-05 10:22:00,,,25.55
2019-04-05 11:36:00,,28.07,
2019-04-05 14:01:00,,,31.09
2019-04-05 14:12:00,,33.5,
2019-04-05 14:35:00,32.2,,
2019-04-05 15:44:00,,,36.08
2019-04-05 18:23:00,,,29.69
2019-04-05 20:10:00,,,32.18
2019-04-05 21:38:00,50.98,,
2019-04-06 01:01:00,45.31,,
2019-04-06 02:16:00,,,18.15
2019-04-06 02:25:00,,,14.3
2019-04-06 03:38:00,,18.11,
2019-04-06 08:54:00,,,25.06
2019-04-06 09:03:00,,,26.64
2019-04-06 10:06:00,,38.39,
2019-04-06 11:22:00,,43.21,
2019-04-06 11:30:00,,,16.84
2019-04-06 13:42:00,,,24.18
2019-04-06 13:48:00,,,23.87
2019-04-06 13:52:00,,,30.36
2019-04-06 13:59:00,,,25.31
2019-04-06 15:38:00,,17.99,
2019-04-06 16:17:00,,,35.79
2019-04-06 16:21:00,,,38.8
2019-04-06 16:41:00,,,9.3
2019-04-06 20:29:00,,40.55,
2019-04-06 20:51:00,,,21.02
2019-04-06 21:38:00,,,18.08
2019-04-06 21:40:00,,,23.41
2019-04-06 22:33:00,,,27.46
2019-04-07 00:32:00,,36.32,18.92
2019-04-07 00:42:00,,35.76,
2019-04-07 02:32:00,,,19.19
2019-04-07 03:41:00,,13.71,
2019-04-07 06:17:00,,,40.69
2019-04-07 06:31:00,,18.98,
2019-04-07 06:35:00,,46.5,
2019-04-07 06:50:00,,,11.92
2019-04-07 08:54:00,,,32.99
2019-04-07 14:43:00,,21.95,
2019-04-07 16:28:00,,,16.11
2019-04-07 16:53:00,,,13.4
2019-04-07 17:41:00,,,33.9
2019-04-07 18:09:00,,,24.28
2019-04-07 19:44:00,,18.75,
2019-04-07 20:51:00,,,31.25
2019-04-07 21:12:00,49.7,,
2019-04-07 23:42:00,10.79,,
2019-04-07 23:44:00,,,39.51
2019-04-08 01:01:00,,,5.62
2019-04-08 06:21:00,,,20.83
2019-04-08 11:19:00,,,44.03
2019-04-08 12:38:00,,,14.52
2019-04-08 13:46:00,55.19,,
2019-04-08 14:44:00,,46.37,
2019-04-08 18:59:00,,21.29,
2019-04-08 19:51:00,,35.16,
2019-04-08 20:02:00,,35.64,
2019-04-08 20:26:00,,,25.79
2019-04-08 21:34:00,,,13.31
2019-04-09 00:32:00,,,52.85
2019-04-09 01:04:00,,29.03,
2019-04-09 08:10:00,,,39.36
2019-04-09 08:47:00,,,4.95
2019-04-09 09:17:00,,,20.31
2019-04-09 14:34:00,,,11.9
2019-04-09 14:55:00,,,20.23
2019-04-09 15:34:00,,27.66,
2019-04-09 16:57:00,,,10.03
2019-04-09 17:12:00,,,6.68
2019-04-09 20:23:00,,,35.11
2019-04-09 20:40:00,,21.2,
2019-04-09 20:55:00,,,24.99
2019-04-09 21:41:00,,,15.96
2019-04-10 01:16:00,,,37.67
2019-04-10 01:23:00,,,29.97
2019-04-10 03:39:00,,34.14,
2019-04-10 04:16:00,,,42.92
2019-04-10 04:41:00,,38.08,
2019-04-10 04:59:00,,,35.97
2019-04-10 05:38:00,,,30.36
2019-04-10 06:25:00,,30.41,
2019-04-10 09:47:00,19.07,,
2019-04-10 10:56:00,,32.26,
2019-04-10 11:45:00,,,38.24
2019-04-10 14:27:00,,,26.68
2019-04-10 17:06:00,,,31.03
2019-04-10 17:12:00,,,10.94
2019-04-10 20:04:00,,35.83,
2019-04-10 20:44:00,,21.38,
2019-04-10 20:46:00,43.25,,
2019-04-10 22:15:00,,,38.02
2019-04-10 23:05:00,,48.31,
2019-04-10 23:38:00,,,25.4
2019-04-11 02:57:00,,,36.3
2019-04-11 03:24:00,,34.4,
2019-04-11 03:38:00,,,27.54
2019-04-11 03:53:00,,,18.65
2019-04-11 04:26:00,,,22.03
2019-04-11 06:59:00,,,29.06
2019-04-11 09:09:00,,,42.97
2019-04-11 10:09:00,,,21.06
2019-04-11 10:26:00,,,9.1
2019-04-11 10:38:00,,,12.01
2019-04-11 13:41:00,,,33.12
2019-04-11 13:52:00,,,15.55
2019-04-11 14:40:00,,,16.63
2019-04-11 14:46:00,,,4.88
2019-04-11 19:49:00,,,25.92
2019-04-11 20:41:00,,,33.68
2019-04-11 21:32:00,,,22.48
2019-04-11 22:10:00,,,12.81
2019-04-11 23:49:00,,,38.35
2019-04-12 00:11:00,,,15.49
2019-04-12 01:13:00,,,21.18
2019-04-12 02:27:00,,,10.53
2019-04-12 03:38:00,,,43.34
2019-04-12 03:43:00,,,8.42
2019-04-12 05:18:00,,,41.45
2019-04-12 05:27:00,,,17.03
2019-04-12 05:32:00,,,35.51
2019-04-12 06:19:00,,,33.12
2019-04-12 06:49:00,,,11.55
2019-04-12 06:51:00,,33.18,
2019-04-12 08:17:00,,,32.48
2019-04-12 11:58:00,,,28.65
2019-04-12 12:08:00,,,27.69
2019-04-12 12:30:00,,,17.57
2019-04-12 13:57:00,,,7.77
2019-04-12 14:30:00,,37.37,
2019-04-12 14:37:00,,,22.91
2019-04-12 15:01:00,,49.15,
2019-04-12 15:21:00,,17.26,
2019-04-12 18:11:00,57.23,,
2019-04-12 19:38:00,,,22.45
2019-04-12 23:29:00,,,27.81
2019-04-13 01:18:00,,,43.98
2019-04-13 05:14:00,,,23.73
2019-04-13 06:56:00,,,32.94
2019-04-13 07:09:00,,24.9,
2019-04-13 07:37:00,,,20.09
2019-04-13 08:29:00,,,37.22
2019-04-13 09:52:00,,,22.39
2019-04-13 10:23:00,,,8.69
2019-04-13 10:54:00,,,18.25
2019-04-13 11:13:00,43.22,,
2019-04-13 12:26:00,,,25.22
2019-04-13 16:08:00,39.89,,
2019-04-13 18:15:00,,,40.93
2019-04-13 18:44:00,,,27.36
2019-04-13 19:46:00,,,40.2
2019-04-13 19:49:00,,,33.33
2019-04-13 21:47:00,,,32.08
2019-04-13 21:50:00,,,28.75
2019-04-13 23:28:00,,25.61,
2019-04-14 01:20:00,,,37.93
2019-04-14 02:15:00,,15.17,
2019-04-14 03:24:00,,,39.91
2019-04-14 05:11:00,,,13.13
2019-04-14 06:43:00,,,31.63
2019-04-14 07:06:00,11.94,,
2019-04-14 11:56:00,,,43.01
2019-04-14 12:28:00,,,39.95
2019-04-14 14:48:00,,,24.34
2019-04-14 14:58:00,,,25.28
2019-04-14 16:26:00,,,32.57
2019-04-14 18:06:00,,41.17,
2019-04-14 18:40:00,,,32.77
2019-04-14 19:46:00,,,8.05
2019-04-14 20:12:00,,,19.53
2019-04-14 21:00:00,,49.85,
2019-04-14 21:17:00,,,38.95
2019-04-14 23:08:00,,,7.75
2019-04-15 00:07:00,,32.13,
2019-04-15 01:36:00,,,24.3
2019-04-15 04:12:00,,47.17,
2019-04-15 08:00:00,,,40.03
2019-04-15 08:06:00,,23.06,
2019-04-15 09:17:00,,,35.45
2019-04-15 10:02:00,,,37.6
2019-04-15 11:02:00,,,43.82
2019-04-15 12:15:00,,,6.74
2019-04-15 16:09:00,,,44.74
2019-04-15 16:39:00,,45.64,
2019-04-15 17:35:00,,,42.29
2019-04-15 19:22:00,,27.16,
2019-04-15 20:37:00,,,17.76
2019-04-15 23:02:00,,,20.16
2019-04-16 01:06:00,,,17.47
2019-04-16 01:26:00,,,16.58
2019-04-16 05:05:00,,,27.1
2019-04-16 08:23:00,,,20.38
2019-04-16 09:48:00,,,36.11
2019-04-16 15:23:00,,,24.07
2019-04-16 16:16:00,,,25.65
2019-04-16 16:21:00,,,32.43
2019-04-16 16:30:00,17.39,,
2019-04-16 18:17:00,,42.08,
2019-04-16 18:34:00,,,9.2
2019-04-16 20:26:00,,,32.47
2019-04-16 21:06:00,,42.94,
2019-04-16 21:12:00,24.1,,
2019-04-16 22:02:00,,,24.63
2019-04-16 23:07:00,,,23.12
2019-04-16 23:13:00,,,39.32
2019-04-17 00:03:00,,,8.91
2019-04-17 00:28:00,,,41.19
2019-04-17 01:48:00,17.31,,
2019-04-17 02:25:00,,,23.3
2019-04-17 02:26:00,,,23.0
2019-04-17 02:49:00,,,39.18
2019-04-17 05:45:00,,32.72,
2019-04-17 06:23:00,,,16.34
2019-04-17 07:34:00,,,22.41
2019-04-17 10:37:00,,,11.76
2019-04-17 11:25:00,,,15.03
2019-04-17 18:42:00,,,42.3
2019-04-17 19:01:00,,,10.58
2019-04-17 19:11:00,,30.81,
2019-04-17 20:05:00,,,44.43
2019-04-17 20:06:00,,39.47,
2019-04-17 22:12:00,,,32.39
2019-04-17 22:37:00,,28.68,
2019-04-17 23:24:00,,20.51,
2019-04-18 00:06:00,,26.98,
2019-04-18 00:39:00,,,33.73
2019-04-18 00:52:00,,12.05,
2019-04-18 01:17:00,,,35.7
2019-04-18 01:40:00,,,34.7
2019-04-18 02:07:00,,,39.79
2019-04-18 06:03:00,,,39.95
2019-04-18 06:08:00,,,42.8
2019-04-18 06:58:00,,,24.48
2019-04-18 08:11:00,,,11.2
2019-04-18 08:44:00,,,12.35
2019-04-18 11:16:00,,,16.36
2019-04-18 11:41:00,,,29.12
2019-04-18 12:07:00,,,16.18
2019-04-18 12:19:00,,,22.42
2019-04-18 13:07:00,,,8.56
2019-04-18 14:39:00,,,23.56
2019-04-18 15:43:00,,47.3,
2019-04-18 17:01:00,,,37.63
2019-04-18 17:41:00,,,22.51
2019-04-18 18:37:00,,,5.81
2019-04-18 19:26:00,30.94,,
2019-04-18 19:33:00,46.6,,
2019-04-18 19:43:00,42.97,,
2019-04-18 20:05:00,,,32.74
2019-04-18 23:06:00,,,4.36
2019-04-18 23:10:00,,,31.16
2019-04-18 23:27:00,,,28.66
2019-04-19 00:05:00,,,25.4
2019-04-19 00:56:00,,,13.63
2019-04-19 01:06:00,,37.78,
2019-04-19 01:08:00,,21.92,
2019-04-19 01:55:00,,,42.53
2019-04-19 03:26:00,,,44.5
2019-04-19 04:32:00,16.29,,
2019-04-19 04:53:00,,,22.86
2019-04-19 05:52:00,,44.24,
2019-04-19 07:57:00,,17.27,
2019-04-19 08:42:00,,,26.45
2019-04-19 09:25:00,,17.51,
2019-04-19 09:46:00,,,35.79
2019-04-19 10:17:00,,,36.01
2019-04-19 10:36:00,,28.28,
2019-04-19 12:57:00,,,4.55
2019-04-19 14:47:00,,44.82,
2019-04-19 16:30:00,,,6.27
2019-04-19 17:18:00,,29.27,
2019-04-19 19:05:00,,29.12,
2019-04-19 19:35:00,,,26.47
2019-04-19 19:45:00,,,39.57
2019-04-19 20:01:00,,34.93,
2019-04-19 20:35:00,,,5.75
2019-04-19 21:05:00,,22.42,
2019-04-19 21:32:00,,,37.67
2019-04-19 21:55:00,,24.58,
2019-04-20 00:03:00,,23.58,
2019-04-20 02:16:00,,,16.27
2019-04-20 02:52:00,,51.65,
2019-04-20 03:18:00,,41.85,
2019-04-20 03:54:00,,21.23,
2019-04-20 04:56:00,,37.15,
2019-04-20 05:31:00,,,37.04
2019-04-20 07:06:00,,46.24,
2019-04-20 07:37:00,,,29.07
2019-04-20 09:38:00,,,23.65
2019-04-20 09:40:00,,,30.12
2019-04-20 10:09:00,,46.8,
2019-04-20 18:57:00,,,29.84
2019-04-20 20:13:00,,,11.85
2019-04-20 21:40:00,,,40.06
2019-04-21 03:08:00,,17.8,
2019-04-21 03:44:00,,,9.54
2019-04-21 04:50:00,,,4.96
2019-04-21 10:31:00,,,32.85
2019-04-21 11:42:00,,,7.44
2019-04-21 15:15:00,,,5.31
2019-04-21 15:21:00,,12.13,
2019-04-21 15:29:00,,,36.47
2019-04-21 18:31:00,,,21.98
2019-04-21 21:14:00,18.54,,
2019-04-21 23:00:00,,,13.53
2019-04-21 23:26:00,,,26.99
2019-04-21 23:32:00,,,33.37
2019-04-22 00:38:00,,,8.89
2019-04-22 01:33:00,,46.5,
2019-04-22 02:31:00,,,9.14
2019-04-22 02:38:00,,,9.72
2019-04-22 03:06:00,,,39.74
2019-04-22 03:14:00,,31.24,
2019-04-22 03:15:00,,,43.62
2019-04-22 03:32:00,,,29.67
2019-04-22 04:12:00,,,31.29
2019-04-22 07:16:00,,31.43,
2019-04-22 08:14:00,,,19.95
2019-04-22 12:29:00,,,27.54
2019-04-22 12:38:00,,16.31,
2019-04-22 15:53:00,,,6.49
2019-04-22 16:43:00,,,7.91
2019-04-22 16:48:00,,,9.7
2019-04-22 16:56:00,38.46,,
2019-04-22 17:28:00,19.27,,
2019-04-22 20:56:00,,44.68,
2019-04-22 21:34:00,,,42.52
2019-04-22 21:37:00,,,22.86
2019-04-22 23:30:00,,,30.03
2019-04-23 01:14:00,,,40.39
2019-04-23 02:57:00,,,13.01
2019-04-23 04:56:00,,47.08,
2019-04-23 08:59:00,,,14.65
2019-04-23 09:19:00,,,44.739999999999995
2019-04-23 12:21:00,25.94,,
2019-04-23 14:20:00,,33.66,
2019-04-23 16:05:00,,42.26,
2019-04-23 17:09:00,,16.1,
2019-04-23 20:31:00,,34.87,
2019-04-23 20:34:00,,47.51,
2019-04-23 21:11:00,,,26.92
2019-04-24 02:21:00,,,37.73
2019-04-24 02:25:00,,,13.32
2019-04-24 03:20:00,,,7.31
2019-04-24 08:02:00,,,14.55
2019-04-24 08:05:00,,,14.11
2019-04-24 08:08:00,,18.22,
2019-04-24 08:49:00,,,28.24
2019-04-24 08:51:00,,26.84,
2019-04-24 10:06:00,,45.92,
2019-04-24 10:29:00,,42.58,
2019-04-24 11:33:00,,,28.76
2019-04-24 11:54:00,,,5.31
2019-04-24 12:24:00,,37.71,
2019-04-24 12:57:00,,,34.67
2019-04-24 13:07:00,,,9.78
2019-04-24 14:27:00,,,32.22
2019-04-24 18:35:00,,,28.87
2019-04-24 19:16:00,,49.45,
2019-04-24 19:33:00,,,38.04
2019-04-24 23:45:00,,,19.73
2019-04-25 00:15:00,,,10.26
2019-04-25 00:37:00,,,26.84
2019-04-25 03:29:00,,,50.96
2019-04-25 05:20:00,,,36.71
2019-04-25 06:22:00,,,35.39
2019-04-25 07:08:00,,23.6,
2019-04-25 09:50:00,,,25.5
2019-04-25 10:20:00,55.84,,
2019-04-25 11:18:00,,,34.05
2019-04-25 11:50:00,,38.81,
2019-04-25 14:14:00,,,22.75
2019-04-25 14:28:00,,,10.86
2019-04-25 14:44:00,,,24.86
2019-04-25 14:57:00,,,44.39
2019-04-25 15:55:00,,,26.44
2019-04-25 17:18:00,,32.93,
2019-04-25 18:21:00,,24.51,
2019-04-25 19:11:00,,36.13,
2019-04-25 20:57:00,,,21.7
2019-04-25 22:58:00,,,29.67
2019-04-25 23:04:00,,,19.43
2019-04-26 00:30:00,,,20.89
2019-04-26 00:43:00,,,35.98
2019-04-26 02:02:00,,27.2,
2019-04-26 03:30:00,,30.75,
2019-04-26 04:05:00,,,28.44
2019-04-26 04:18:00,,,18.92
2019-04-26 04:37:00,,,42.99
2019-04-26 04:45:00,,,44.37
2019-04-26 08:12:00,,,7.68
2019-04-26 08:14:00,,40.76,
2019-04-26 08:31:00,,,19.99
2019-04-26 08:41:00,,,8.83
2019-04-26 09:31:00,,,33.71
2019-04-26 12:08:00,,,35.33
2019-04-26 17:02:00,,,4.63
2019-04-26 22:20:00,,,29.22
2019-04-26 23:15:00,,33.74,
2019-04-27 00:19:00,,,16.89
2019-04-27 00:34:00,,,37.74
2019-04-27 00:58:00,,,27.78
2019-04-27 02:28:00,,14.01,
2019-04-27 05:31:00,,36.11,
2019-04-27 06:02:00,38.33,,
2019-04-27 06:20:00,,28.29,
2019-04-27 07:18:00,,18.56,
2019-04-27 07:34:00,,30.28,
2019-04-27 08:48:00,,,12.84
2019-04-27 10:17:00,,20.41,
2019-04-27 10:55:00,,,11.42
2019-04-27 11:18:00,,,27.89
2019-04-27 11:59:00,,,30.31
2019-04-27 12:31:00,,,41.48
2019-04-27 12:41:00,,,18.99
2019-04-27 14:11:00,,,37.6
2019-04-27 14:37:00,,45.77,
2019-04-27 14:57:00,,,44.73
2019-04-27 16:20:00,,,6.62
2019-04-27 16:22:00,,,25.67
2019-04-27 17:58:00,14.01,,
2019-04-27 19:45:00,,28.84,
2019-04-27 20:41:00,,,8.28
2019-04-27 23:26:00,,,19.06
2019-04-27 23:52:00,,45.98,
2019-04-28 00:26:00,,,5.42
2019-04-28 00:56:00,,26.61,
2019-04-28 02:38:00,,,39.41
2019-04-28 04:00:00,,,39.82
2019-04-28 04:21:00,,27.86,
2019-04-28 04:34:00,,,40.46
2019-04-28 08:15:00,,,22.86
2019-04-28 09:03:00,,,15.0
2019-04-28 09:10:00,,,5.73
2019-04-28 09:25:00,,,37.35
2019-04-28 10:54:00,,,10.07
2019-04-28 11:40:00,,43.22,
2019-04-28 11:49:00,,39.19,
2019-04-28 12:48:00,,,33.35
2019-04-28 14:28:00,,,11.46
2019-04-28 16:29:00,,,36.42
2019-04-28 17:26:00,,,31.43
2019-04-28 17:38:00,,34.87,
2019-04-28 19:35:00,,16.96,
2019-04-29 00:20:00,,,44.28
2019-04-29 01:12:00,,,27.04
2019-04-29 01:22:00,,,36.7
2019-04-29 01:58:00,54.22,,
2019-04-29 02:04:00,,31.59,
2019-04-29 02:49:00,,,41.27
2019-04-29 06:08:00,,17.99,
2019-04-29 06:57:00,,,23.99
2019-04-29 07:09:00,,34.77,
2019-04-29 07:38:00,,,9.08
2019-04-29 07:50:00,,,17.89
2019-04-29 10:20:00,,,28.73
2019-04-29 11:39:00,,,19.8
2019-04-29 13:54:00,,,5.16
2019-04-29 16:20:00,,28.43,
2019-04-29 17:04:00,13.38,,
2019-04-29 19:55:00,,,32.1
2019-04-29 20:54:00,,,28.41
2019-04-29 21:20:00,,,13.59
2019-04-29 22:08:00,,25.75,
2019-04-29 23:05:00,,,14.59
2019-04-29 23:10:00,,29.39,
2019-04-30 00:42:00,,,36.07
2019-04-30 01:50:00,50.81,,
2019-04-30 05:22:00,,,28.89
2019-04-30 08:22:00,,,37.41
2019-04-30 10:54:00,,41.25,
2019-04-30 11:42:00,,14.56,
2019-04-30 11:44:00,,,5.6
2019-04-30 14:45:00,,,40.08
2019-04-30 16:02:00,,,37.48
2019-04-30 19:49:00,,27.99,
2019-04-30 19:54:00,,,29.84
2019-04-30 20:45:00,,22.26,
2019-04-30 21:26:00,37.33,,
2019-04-30 21:38:00,,,5.7
2019-04-30 23:36:00,,,14.81
2019-05-01 01:26:00,,,26.81
2019-05-01 02:18:00,,,27.45
2019-05-01 03:12:00,,,8.28
2019-05-01 04:34:00,,,8.67
2019-05-01 04:53:00,,,10.97
2019-05-01 05:16:00,,14.2,
2019-05-01 08:14:00,22.44,,
2019-05-01 09:07:00,,23.69,
2019-05-01 09:45:00,,26.92,
2019-05-01 12:39:00,,,39.8
2019-05-01 13:29:00,,,10.3
2019-05-01 13:56:00,,,22.59
2019-05-01 14:27:00,,26.26,
2019-05-01 17:20:00,,,4.97
2019-05-01 17:35:00,,39.29,
2019-05-01 17:43:00,,,23.76
2019-05-01 19:03:00,,,23.23
2019-05-01 20:10:00,,13.17,
2019-05-01 21:53:00,,,8.28
2019-05-01 23:05:00,,,38.46
2019-05-02 01:04:00,,,24.23
2019-05-02 02:19:00,,,32.38
2019-05-02 03:14:00,,48.63,
2019-05-02 04:14:00,,,35.76
2019-05-02 06:15:00,,47.44,
2019-05-02 10:24:00,,,29.86
2019-05-02 11:40:00,,13.08,
2019-05-02 11:57:00,52.71,,
2019-05-02 12:46:00,,,42.42
2019-05-02 13:55:00,,,38.77
2019-05-02 15:30:00,,21.33,
2019-05-02 18:20:00,,,12.08
2019-05-02 19:14:00,,35.54,
2019-05-02 19:37:00,,36.59,
2019-05-02 19:46:00,,19.41,
2019-05-02 19:48:00,,23.06,
2019-05-02 20:17:00,,,4.23
2019-05-02 21:02:00,,,17.12
2019-05-02 21:36:00,,,21.8
2019-05-02 21:53:00,,28.99,
2019-05-02 23:25:00,,,11.94
2019-05-03 00:07:00,,,16.44
2019-05-03 01:24:00,,,44.85
2019-05-03 02:01:00,,41.62,
2019-05-03 02:36:00,,,31.62
2019-05-03 02:49:00,,,36.06
2019-05-03 04:49:00,,,21.38
2019-05-03 04:50:00,,40.85,
2019-05-03 05:43:00,,,42.15
2019-05-03 08:35:00,,13.36,
2019-05-03 09:04:00,,,24.07
2019-05-03 11:43:00,,,8.3
2019-05-03 12:09:00,,,21.67
2019-05-03 12:23:00,,48.56,
2019-05-03 12:46:00,,,14.43
2019-05-03 14:33:00,,,41.12
2019-05-03 15:26:00,,,25.68
2019-05-03 15:31:00,,,32.68
2019-05-03 15:35:00,,,19.97
2019-05-03 16:09:00,,,19.69
2019-05-03 18:09:00,,48.24,
2019-05-03 20:22:00,,,21.11
2019-05-03 21:53:00,,34.08,
2019-05-03 22:33:00,,,9.01
2019-05-04 02:14:00,,40.02,
2019-05-04 02:33:00,,,24.09
2019-05-04 02:54:00,,,15.14
2019-05-04 04:24:00,,12.62,
2019-05-04 04:36:00,,,5.36
2019-05-04 09:10:00,,,28.3
2019-05-04 09:50:00,,,21.62
2019-05-04 10:28:00,,,41.54
2019-05-04 11:41:00,,,33.11
2019-05-04 12:38:00,,,8.81
2019-05-04 14:48:00,,,25.66
2019-05-04 14:56:00,,,32.8
2019-05-04 15:20:00,,,36.77
2019-05-04 15:30:00,,,28.93
2019-05-04 21:50:00,,,21.44
2019-05-04 23:18:00,,39.07,
2019-05-05 00:44:00,,,7.76
2019-05-05 01:24:00,,,27.57
2019-05-05 02:00:00,,,21.74
2019-05-05 03:19:00,,,22.24
2019-05-05 04:03:00,,30.38,
2019-05-05 05:18:00,,,10.15
2019-05-05 05:25:00,,16.77,
2019-05-05 05:58:00,,18.48,
2019-05-05 06:26:00,,,25.3
2019-05-05 07:51:00,,36.08,
2019-05-05 08:45:00,,15.43,
2019-05-05 09:46:00,,,26.54
2019-05-05 10:34:00,,,17.05
2019-05-05 11:21:00,,,18.77
2019-05-05 14:17:00,,,23.66
2019-05-05 15:15:00,,,38.15
2019-05-05 15:47:00,,,37.75
2019-05-05 17:29:00,,,30.47
2019-05-05 17:38:00,,,14.95
2019-05-05 19:29:00,26.53,,
2019-05-05 20:48:00,,25.19,
2019-05-05 23:39:00,,12.45,
2019-05-06 00:58:00,41.18,,
2019-05-06 01:06:00,,,17.63
2019-05-06 05:05:00,,,43.43
2019-05-06 08:57:00,51.8,,
2019-05-06 12:39:00,,,40.79
2019-05-06 16:57:00,18.9,,
2019-05-06 19:34:00,,,26.43
2019-05-06 22:21:00,,,27.16
2019-05-06 22:39:00,,34.12,
2019-05-06 23:22:00,,,25.76
2019-05-07 01:03:00,,,12.35
2019-05-07 02:49:00,,15.41,
2019-05-07 02:52:00,,,36.51
2019-05-07 05:55:00,,,6.89
2019-05-07 07:08:00,,20.52,
2019-05-07 08:47:00,,,25.83
2019-05-07 10:11:00,,,29.66
2019-05-07 11:23:00,,,22.72
2019-05-07 12:25:00,,,4.47
2019-05-07 12:30:00,,,34.03
2019-05-07 12:33:00,,21.72,
2019-05-07 13:29:00,,38.74,
2019-05-07 13:31:00,,42.48,
2019-05-07 14:00:00,,26.3,
2019-05-07 14:38:00,,13.05,
2019-05-07 14:58:00,,,36.22
2019-05-07 15:34:00,,44.87,
2019-05-07 17:27:00,,,6.39
2019-05-07 19:22:00,44.94,,
2019-05-07 19:45:00,,26.11,
2019-05-07 20:05:00,,,24.2
2019-05-07 20:22:00,,,18.74
2019-05-07 20:40:00,,24.89,
2019-05-08 01:54:00,,,32.69
2019-05-08 02:31:00,,,41.33
2019-05-08 04:20:00,,,21.99
2019-05-08 04:39:00,,,18.45
2019-05-08 07:29:00,,,18.55
2019-05-08 11:38:00,,,19.77
2019-05-08 13:10:00,,,18.04
